Term 1,Term 2,frequency of bigram,frequency of context (Term 1), conditional probability of bigram
</s>,<s>,487,488,0.9979508196721312
<s>,Ya,52,488,0.10655737704918032
maestro.,</s>,37,37,1.0
ma.,</s>,22,22,1.0
en,la,16,61,0.26229508196721313
<s>,Que,16,488,0.03278688524590164
<s>,"No,",15,488,0.030737704918032786
<s>,"Jajaja,",15,488,0.030737704918032786
a,la,14,72,0.19444444444444445
<s>,"Claro,",14,488,0.028688524590163935
en,el,13,61,0.21311475409836064
<s>,Buenas,13,488,0.02663934426229508
<s>,Si,11,488,0.022540983606557378
<s>,Buenos,11,488,0.022540983606557378
que,se,10,97,0.10309278350515463
creo,que,10,13,0.7692307692307693
Buenos,"días,",10,11,0.9090909090909091
que,me,9,97,0.09278350515463918
a,las,9,72,0.125
Buenas,"tardes,",9,13,0.6923076923076923
"tardes,",maestro.,9,9,1.0
bien.,</s>,9,9,1.0
lo,que,8,31,0.25806451612903225
<s>,"Ok,",8,488,0.01639344262295082
Ale.,</s>,8,8,1.0
Que,"bien,",8,20,0.4
Ya,estoy,8,54,0.14814814814814814
"bien,",ma.,8,17,0.47058823529411764
<s>,"Hola,",7,488,0.014344262295081968
<s>,"Vale,",7,488,0.014344262295081968
en,su,7,61,0.11475409836065574
"Claro,",maestro.,7,14,0.5
se,la,7,31,0.22580645161290322
estoy,en,7,18,0.3888888888888889
el,profe,6,59,0.1016949152542373
y,el,6,60,0.1
<s>,Yo,6,488,0.012295081967213115
va,a,6,8,0.75
de,las,6,74,0.08108108108108109
profesor.,</s>,6,6,1.0
<s>,Como,6,488,0.012295081967213115
"días,",maestro.,6,10,0.6
bien,</s>,6,23,0.2608695652173913
<s>,Muy,6,488,0.012295081967213115
de,la,5,74,0.06756756756756757
voy,a,5,11,0.45454545454545453
<s>,Gracias,5,488,0.010245901639344262
<s>,Va,5,488,0.010245901639344262
<s>,Entonces,5,488,0.010245901639344262
<s>,Ok,5,488,0.010245901639344262
<s>,"Si,",5,488,0.010245901639344262
la,presentación,5,89,0.056179775280898875
<s>,Se,5,488,0.010245901639344262
<s>,"Gracias,",5,488,0.010245901639344262
<s>,También,5,488,0.010245901639344262
<s>,Estoy,5,488,0.010245901639344262
Que,bien,5,20,0.25
Ale,</s>,5,10,0.5
la,carpeta,4,89,0.0449438202247191
<s>,En,4,488,0.00819672131147541
<s>,Pero,4,488,0.00819672131147541
que,la,4,97,0.041237113402061855
es,que,4,25,0.16
no,se,4,25,0.16
<s>,Y,4,488,0.00819672131147541
muchas,gracias,4,10,0.4
<s>,Me,4,488,0.00819672131147541
para,que,4,28,0.14285714285714285
muchas,gracias.,4,10,0.4
gracias.,</s>,4,4,1.0
su,cubículo,4,17,0.23529411764705882
Como,ha,4,9,0.4444444444444444
ha,estado?,4,4,1.0
estado?,</s>,4,5,0.8
<s>,"Listo,",4,488,0.00819672131147541
van?,</s>,4,4,1.0
<s>,¿Como,4,488,0.00819672131147541
<s>,Pásenla,4,488,0.00819672131147541
Ya,voy,4,54,0.07407407407407407
que,bien,4,97,0.041237113402061855
estamos,en,4,7,0.5714285714285714
Ya,estamos,4,54,0.07407407407407407
bien,ma,4,23,0.17391304347826086
ma,</s>,4,10,0.4
<s>,Jajaja,4,488,0.00819672131147541
<s>,Está,3,488,0.006147540983606557
carpeta,de,3,5,0.6
que,el,3,97,0.030927835051546393
puso,en,3,3,1.0
la,misma,3,89,0.033707865168539325
Ya,me,3,54,0.05555555555555555
en,un,3,61,0.04918032786885246
Creo,que,3,3,1.0
que,lo,3,97,0.030927835051546393
<s>,Te,3,488,0.006147540983606557
<s>,Lo,3,488,0.006147540983606557
las,mismas,3,40,0.075
son,los,3,9,0.3333333333333333
<s>,Es,3,488,0.006147540983606557
<s>,Ah,3,488,0.006147540983606557
Emily,</s>,3,5,0.6
<s>,Quedo,3,488,0.006147540983606557
<s>,Con,3,488,0.006147540983606557
<s>,No,3,488,0.006147540983606557
<s>,Aquí,3,488,0.006147540983606557
"Ok,","profesor,",3,8,0.375
"profesor,",muchas,3,3,1.0
"días,",profesor.,3,10,0.3
<s>,"Disculpe,",3,488,0.006147540983606557
las,10?,3,40,0.075
10?,</s>,3,3,1.0
voy,para,3,11,0.2727272727272727
su,cubículo?,3,17,0.17647058823529413
cubículo?,</s>,3,3,1.0
profe.,</s>,3,3,1.0
subí,la,3,6,0.5
Ya,le,3,54,0.05555555555555555
le,subí,3,12,0.25
atento,a,3,3,1.0
a,sus,3,72,0.041666666666666664
y,los,3,60,0.05
Ya,están,3,54,0.05555555555555555
sin,problema,3,3,1.0
pero,creo,3,13,0.23076923076923078
<s>,"Oh,",3,488,0.006147540983606557
lo,puedo,3,31,0.0967741935483871
ir,a,3,4,0.75
"Listo,",maestro.,3,4,0.75
<s>,Igual,3,488,0.006147540983606557
que,ya,3,97,0.030927835051546393
Buenas,"noches,",3,13,0.23076923076923078
"noches,",maestro.,3,3,1.0
<s>,"Bien,",3,488,0.006147540983606557
ya,estoy,3,25,0.12
gracias,</s>,3,11,0.2727272727272727
fin,de,3,3,1.0
la,1,3,89,0.033707865168539325
vamos,a,3,5,0.6
este,semestre,3,7,0.42857142857142855
semestre,</s>,3,8,0.375
por,semestre,3,20,0.15
<s>,"Felicidades,",3,488,0.006147540983606557
¿Como,van?,3,5,0.6
<s>,¿Qué,3,488,0.006147540983606557
hotel.,</s>,3,3,1.0
Ya,ando,3,54,0.05555555555555555
Estoy,en,3,5,0.6
<s>,Voy,3,488,0.006147540983606557
También,te,3,5,0.6
llegue,a,3,3,1.0
increíble.,</s>,3,3,1.0
bien,que,3,23,0.13043478260869565
Muy,"bien,",3,7,0.42857142857142855
<s>,Ale,3,488,0.006147540983606557
aterricé,</s>,3,3,1.0
muy,bien,3,8,0.375
a,Mexico,3,72,0.041666666666666664
Está,en,2,3,0.6666666666666666
<s>,Dale,2,488,0.004098360655737705
onda,equipo?,2,3,0.6666666666666666
equipo?,</s>,2,2,1.0
la,interfaz,2,89,0.02247191011235955
hace,la,2,5,0.4
el,otro,2,59,0.03389830508474576
corrimos,a,2,2,1.0
misma,hora,2,3,0.6666666666666666
todos,los,2,2,1.0
<s>,Oh,2,488,0.004098360655737705
a,poder,2,72,0.027777777777777776
<s>,Le,2,488,0.004098360655737705
ahorita,</s>,2,4,0.5
por,eso,2,20,0.1
puse,en,2,2,1.0
que,no,2,97,0.020618556701030927
no,hay,2,25,0.08
y,yo,2,60,0.03333333333333333
el,jueves,2,59,0.03389830508474576
Gracias,Emily,2,6,0.3333333333333333
Rolón,</s>,2,2,1.0
<s>,Según,2,488,0.004098360655737705
se,genere,2,31,0.06451612903225806
no?,</s>,2,2,1.0
que,entiendo,2,97,0.020618556701030927
entiendo,es,2,2,1.0
el,pdf,2,59,0.03389830508474576
a,ser,2,72,0.027777777777777776
gracias,Rolon,2,11,0.18181818181818182
Rolon,</s>,2,2,1.0
verifiquen,que,2,2,1.0
<s>,Saludos,2,488,0.004098360655737705
Saludos,</s>,2,2,1.0
me,mando,2,19,0.10526315789473684
mando,el,2,2,1.0
con,las,2,23,0.08695652173913043
mismas,noticias,2,4,0.5
de,prueba,2,74,0.02702702702702703
hasta,la,2,4,0.5
que,son,2,97,0.020618556701030927
<s>,Oigan,2,488,0.004098360655737705
Oigan,y,2,2,1.0
todas,las,2,2,1.0
3,de,2,6,0.3333333333333333
*,3,2,2,1.0
es,un,2,25,0.08
y,ya,2,60,0.03333333333333333
Va,gracias,2,6,0.3333333333333333
gracias,Emily,2,11,0.18181818181818182
Va,muchas,2,6,0.3333333333333333
<s>,#,2,488,0.004098360655737705
<s>,Creo,2,488,0.004098360655737705
Muchas,gracias,2,4,0.5
<s>,Vamos,2,488,0.004098360655737705
las,pruebas,2,40,0.05
las,10,2,40,0.05
mañana,no,2,6,0.3333333333333333
se,va,2,31,0.06451612903225806
la,evidencia,2,89,0.02247191011235955
el,codigo,2,59,0.03389830508474576
si,es,2,15,0.13333333333333333
pero,ya,2,13,0.15384615384615385
eso,ya,2,7,0.2857142857142857
<s>,Porque,2,488,0.004098360655737705
que,sea,2,97,0.020618556701030927
para,hacer,2,28,0.07142857142857142
los,reportes,2,24,0.08333333333333333
y,también,2,60,0.03333333333333333
que,nos,2,97,0.020618556701030927
<s>,Cómo,2,488,0.004098360655737705
Cómo,está?,2,2,1.0
está?,</s>,2,2,1.0
Aquí,estamos,2,4,0.5
de,su,2,74,0.02702702702702703
con,usted,2,23,0.08695652173913043
servicio,social,2,2,1.0
usted?,</s>,2,2,1.0
En,su,2,5,0.4
Ok,</s>,2,5,0.4
muchas,"gracias,",2,10,0.2
sobre,la,2,4,0.5
no,he,2,25,0.08
quiere,que,2,6,0.3333333333333333
están,en,2,7,0.2857142857142857
en,las,2,61,0.03278688524590164
que,le,2,97,0.020618556701030927
parece?,</s>,2,2,1.0
sus,comentarios.,2,4,0.5
comentarios.,</s>,2,2,1.0
Va,a,2,6,0.3333333333333333
atento.,</s>,2,2,1.0
la,primera,2,89,0.02247191011235955
presentación,y,2,5,0.4
Quedo,atento,2,3,0.6666666666666666
"Ok,",maestro.,2,8,0.25
"Hola,",maestro.,2,7,0.2857142857142857
modificaciones.,</s>,2,2,1.0
"No,",no,2,15,0.13333333333333333
<s>,Buena,2,488,0.004098360655737705
a,estar,2,72,0.027777777777777776
estar,en,2,3,0.6666666666666666
"Oh,","ok,",2,3,0.6666666666666666
para,la,2,28,0.07142857142857142
firma,del,2,3,0.6666666666666666
del,reporte,2,11,0.18181818181818182
reporte,de,2,4,0.5
<s>,"Buenas,",2,488,0.004098360655737705
"Buenas,","maestro,",2,2,1.0
está,en,2,6,0.3333333333333333
<s>,Feliz,2,488,0.004098360655737705
Feliz,Año,2,2,1.0
esta,semana,2,6,0.3333333333333333
firmar,el,2,2,1.0
el,reporte,2,59,0.03389830508474576
SS?,</s>,2,2,1.0
"Gracias,",maestro.,2,5,0.4
<s>,La,2,488,0.004098360655737705
<s>,"Uy,",2,488,0.004098360655737705
lo,tengo,2,31,0.06451612903225806
se,llama,2,31,0.06451612903225806
Igual,ya,2,3,0.6666666666666666
el,curso,2,59,0.03389830508474576
<s>,Mañana,2,488,0.004098360655737705
10,en,2,4,0.5
cubículo,para,2,4,0.5
para,firma,2,28,0.07142857142857142
reporte,mensual?,2,4,0.5
mensual?,</s>,2,2,1.0
el,código,2,59,0.03389830508474576
<s>,Hoy,2,488,0.004098360655737705
yo,creo,2,8,0.25
ver,en,2,6,0.3333333333333333
realizo,</s>,2,3,0.6666666666666666
poco,de,2,2,1.0
médico.,</s>,2,2,1.0
las,presentaciones,2,40,0.05
los,códigos,2,24,0.08333333333333333
de,seguimiento,2,74,0.02702702702702703
<s>,Nos,2,488,0.004098360655737705
eso,</s>,2,7,0.2857142857142857
<s>,Claro,2,488,0.004098360655737705
<s>,"Igual,",2,488,0.004098360655737705
por,favor?,2,20,0.1
favor?,</s>,2,2,1.0
<s>,El,2,488,0.004098360655737705
a,su,2,72,0.027777777777777776
<s>,Muchas,2,488,0.004098360655737705
<s>,Hola,2,488,0.004098360655737705
Hola,maestro,2,2,1.0
ya,tengo,2,25,0.08
ahí.,</s>,2,2,1.0
<s>,Ahorita,2,488,0.004098360655737705
esperar,que,2,2,1.0
que,todo,2,97,0.020618556701030927
está,bien,2,6,0.3333333333333333
Ya,lo,2,54,0.037037037037037035
semestre,y,2,8,0.25
el,siguiente,2,59,0.03389830508474576
sólo,una,2,6,0.3333333333333333
una,exhibición,2,9,0.2222222222222222
acá.,</s>,2,2,1.0
estuvo,el,2,2,1.0
familia.,</s>,2,2,1.0
de,año?,2,74,0.02702702702702703
año?,</s>,2,2,1.0
yendo,a,2,2,1.0
trabajando,en,2,3,0.6666666666666666
la,hayan,2,89,0.02247191011235955
hayan,pasado,2,2,1.0
pasado,bien.,2,2,1.0
ando,en,2,6,0.3333333333333333
el,hotel.,2,59,0.03389830508474576
Se,supone,2,5,0.4
están?,</s>,2,2,1.0
un,buen,2,17,0.11764705882352941
hermano.,</s>,2,2,1.0
la,han,2,89,0.02247191011235955
han,pasado?,2,3,0.6666666666666666
pasado?,</s>,2,2,1.0
Voy,a,2,3,0.6666666666666666
"No,",ma.,2,15,0.13333333333333333
jajaja.,</s>,2,2,1.0
<s>,Hay,2,488,0.004098360655737705
chido.,</s>,2,2,1.0
"Jajaja,",que,2,15,0.13333333333333333
la,estén,2,89,0.02247191011235955
estén,pasando,2,2,1.0
pasando,increíble.,2,4,0.5
<s>,Ando,2,488,0.004098360655737705
no,te,2,25,0.08
muy,bien.,2,8,0.25
Como,se,2,9,0.2222222222222222
la,están,2,89,0.02247191011235955
<s>,"Va,",2,488,0.004098360655737705
<s>,"Ma,",2,488,0.004098360655737705
"Jajaja,",esta,2,15,0.13333333333333333
Muy,bien,2,7,0.2857142857142857
mamá,</s>,2,3,0.6666666666666666
problema,</s>,2,6,0.3333333333333333
Ya,aterricé,2,54,0.037037037037037035
camino,a,2,4,0.5
el,avión,2,59,0.03389830508474576
avión,</s>,2,3,0.6666666666666666
la,puerta,2,89,0.02247191011235955
despegar,</s>,2,2,1.0
casa,</s>,2,3,0.6666666666666666
Si,</s>,2,11,0.18181818181818182
a,casa,2,72,0.027777777777777776
bien,Ale,2,23,0.08695652173913043
chido,</s>,2,4,0.5
Ya,llegue,2,54,0.037037037037037035
<s>,Uff,2,488,0.004098360655737705
viaje,</s>,2,2,1.0
se,ve,2,31,0.06451612903225806
gracias,Ale,2,11,0.18181818181818182
el,vuelo,2,59,0.03389830508474576
vuelo,a,2,5,0.4
vuelo,y,2,5,0.4
de,Servicio.zip,1,74,0.013513513513513514
Servicio.zip,que,1,1,1.0
profe,puso,1,6,0.16666666666666666
la,tarea,1,89,0.011235955056179775
tarea,hasta,1,1,1.0
hasta,abajo,1,4,0.25
abajo,</s>,1,1,1.0
Dale,es,1,2,0.5
es,compa,1,25,0.04
compa,</s>,1,1,1.0
Que,onda,1,20,0.05
En,este,1,5,0.2
este,codigo,1,7,0.14285714285714285
codigo,ya,1,3,0.3333333333333333
ya,esta,1,25,0.04
esta,la,1,6,0.16666666666666666
interfaz,y,1,2,0.5
el,esqueleto,1,59,0.01694915254237288
esqueleto,para,1,1,1.0
para,vectorizar,1,28,0.03571428571428571
vectorizar,y,1,1,1.0
y,"comparar,",1,60,0.016666666666666666
"comparar,",les,1,1,1.0
les,parece,1,6,0.16666666666666666
parece,si,1,3,0.3333333333333333
si,uno,1,15,0.06666666666666667
uno,hace,1,1,1.0
la,vectorización,1,89,0.011235955056179775
vectorización,y,1,1,1.0
otro,la,1,4,0.25
la,comparación?,1,89,0.011235955056179775
comparación?,</s>,1,1,1.0
"No,",dijo,1,15,0.06666666666666667
dijo,que,1,3,0.3333333333333333
que,usáramos,1,97,0.010309278350515464
usáramos,sólo,1,1,1.0
sólo,"uno,",1,6,0.16666666666666666
"uno,",al,1,1,1.0
al,final,1,14,0.07142857142857142
final,los,1,2,0.5
los,tres,1,24,0.041666666666666664
tres,deberían,1,1,1.0
deberían,ser,1,1,1.0
ser,iguales,1,3,0.3333333333333333
iguales,porque,1,1,1.0
porque,los,1,6,0.16666666666666666
los,corrimos,1,24,0.041666666666666664
hora,y,1,2,0.5
y,de,1,60,0.016666666666666666
la,mismas,1,89,0.011235955056179775
mismas,"página,",1,4,0.25
"página,",puedes,1,1,1.0
puedes,tomar,1,2,0.5
tomar,el,1,2,0.5
el,"mío,",1,59,0.01694915254237288
"mío,",lo,1,1,1.0
lo,corrí,1,31,0.03225806451612903
corrí,todos,1,1,1.0
los,días,1,24,0.041666666666666664
días,</s>,1,1,1.0
Oh,ok,1,2,0.5
ok,este,1,1,1.0
este,lunes,1,7,0.14285714285714285
lunes,no,1,2,0.5
no,voy,1,25,0.04
poder,"estar,",1,3,0.3333333333333333
"estar,",comentó,1,2,0.5
comentó,si,1,2,0.5
si,había,1,15,0.06666666666666667
había,problema,1,1,1.0
problema,con,1,6,0.16666666666666666
con,eso?,1,23,0.043478260869565216
eso?,</s>,1,1,1.0
Pero,no,1,6,0.16666666666666666
no,puedo,1,25,0.04
puedo,hacer,1,11,0.09090909090909091
hacer,"nada,",1,8,0.125
"nada,",tengo,1,1,1.0
tengo,un,1,11,0.09090909090909091
un,evento,1,17,0.058823529411764705
evento,agendado,1,1,1.0
agendado,desde,1,1,1.0
desde,hace,1,1,1.0
hace,semanas,1,5,0.2
semanas,</s>,1,2,0.5
Le,voy,1,2,0.5
a,mandar,1,72,0.013888888888888888
mandar,mensaje,1,1,1.0
mensaje,ahorita,1,1,1.0
Yo,supuse,1,6,0.16666666666666666
supuse,"eso,",1,1,1.0
"eso,",por,1,2,0.5
eso,puse,1,7,0.14285714285714285
interfaz,que,1,2,0.5
que,agarre,1,97,0.010309278350515464
agarre,un,1,1,1.0
un,txt,1,17,0.058823529411764705
txt,</s>,1,1,1.0
me,comentó,1,19,0.05263157894736842
comentó,el,1,2,0.5
profe,que,1,6,0.16666666666666666
hay,problema,1,4,0.25
problema,que,1,6,0.16666666666666666
la,muestren,1,89,0.011235955056179775
muestren,ustedes,1,1,1.0
ustedes,dos,1,3,0.3333333333333333
dos,y,1,2,0.5
yo,la,1,8,0.125
la,muestro,1,89,0.011235955056179775
muestro,el,1,1,1.0
jueves,</s>,1,2,0.5
<s>,Aun,1,488,0.0020491803278688526
Aun,así,1,1,1.0
así,voy,1,2,0.5
a,hacer,1,72,0.013888888888888888
hacer,el,1,8,0.125
el,esfuerzo,1,59,0.01694915254237288
esfuerzo,de,1,1,1.0
de,ir,1,74,0.013513513513513514
ir,el,1,4,0.25
el,lunes,1,59,0.01694915254237288
lunes,</s>,1,2,0.5
<s>,Uy,1,488,0.0020491803278688526
Uy,que,1,1,1.0
que,equipazo,1,97,0.010309278350515464
equipazo,</s>,1,1,1.0
Emily,y,1,5,0.2
y,Rolón,1,60,0.016666666666666666
Según,yo,1,2,0.5
yo,es,1,8,0.125
genere,en,1,2,0.5
un,"pdf,",1,17,0.058823529411764705
"pdf,",no?,1,1,1.0
Según,lo,1,2,0.5
genere,el,1,2,0.5
pdf,de,1,2,0.5
de,esta,1,74,0.013513513513513514
esta,"manera,",1,6,0.16666666666666666
"manera,",no?,1,1,1.0
<s>,Ahí,1,488,0.0020491803278688526
Ahí,si,1,1,1.0
si,ya,1,15,0.06666666666666667
ya,no,1,25,0.04
se,jajaja,1,31,0.03225806451612903
jajaja,Creo,1,2,0.5
lo,mejor,1,31,0.03225806451612903
mejor,va,1,2,0.5
ser,preguntarle,1,3,0.3333333333333333
preguntarle,al,1,1,1.0
al,prof,1,14,0.07142857142857142
prof,a,1,2,0.5
a,ver,1,72,0.013888888888888888
ver,cómo,1,6,0.16666666666666666
cómo,lo,1,2,0.5
lo,quiere,1,31,0.03225806451612903
quiere,específicamente,1,6,0.16666666666666666
específicamente,</s>,1,1,1.0
Te,quedo,1,4,0.25
quedo,"chido,",1,2,0.5
"chido,",gracias,1,3,0.3333333333333333
Lo,revisamos,1,3,0.3333333333333333
revisamos,en,1,1,1.0
el,"laboratorio,",1,59,0.01694915254237288
"laboratorio,",pero,1,1,1.0
pero,la,1,13,0.07692307692307693
la,idea,1,89,0.011235955056179775
idea,es,1,1,1.0
que,ustedes,1,97,0.010309278350515464
ustedes,revisen,1,3,0.3333333333333333
revisen,el,1,1,1.0
el,contenido,1,59,0.01694915254237288
contenido,de,1,1,1.0
las,noticias,1,40,0.025
noticias,recuperadas,1,4,0.25
recuperadas,y,1,1,1.0
y,verifiquen,1,60,0.016666666666666666
que,efectivamente,1,97,0.010309278350515464
efectivamente,se,1,1,1.0
se,comparten,1,31,0.03225806451612903
comparten,tokens.,1,1,1.0
tokens.,</s>,1,1,1.0
<s>,Esto,1,488,0.0020491803278688526
Esto,es,1,1,1.0
es,lo,1,25,0.04
el,"profe,",1,59,0.01694915254237288
"profe,",por,1,1,1.0
por,lo,1,20,0.05
es,hacer,1,25,0.04
hacer,lo,1,8,0.125
lo,mismo,1,31,0.03225806451612903
mismo,pero,1,3,0.3333333333333333
pero,con,1,13,0.07692307692307693
noticias,del,1,4,0.25
del,csv,1,11,0.09090909090909091
csv,</s>,1,3,0.3333333333333333
"No,",los,1,15,0.06666666666666667
los,3,1,24,0.041666666666666664
3,csv,1,6,0.16666666666666666
csv,son,1,3,0.3333333333333333
los,mismo,1,24,0.041666666666666664
mismo,"Emily,",1,3,0.3333333333333333
"Emily,",recuerda,1,1,1.0
recuerda,que,1,1,1.0
lo,corrimos,1,31,0.03225806451612903
hora,de,1,2,0.5
mismas,páginas,1,4,0.25
páginas,</s>,1,1,1.0
Es,comparar,1,3,0.3333333333333333
comparar,las,1,2,0.5
noticias,con,1,4,0.25
con,los,1,23,0.043478260869565216
los,vectorizadores,1,24,0.041666666666666664
vectorizadores,como,1,1,1.0
como,si,1,8,0.125
si,fueran,1,15,0.06666666666666667
fueran,los,1,1,1.0
los,documentos,1,24,0.041666666666666664
documentos,de,1,1,1.0
prueba,</s>,1,2,0.5
<s>,Por,1,488,0.0020491803278688526
Por,eso,1,1,1.0
eso,es,1,7,0.14285714285714285
es,documento,1,25,0.04
documento,de,1,2,0.5
prueba,1,1,2,0.5
1,",",1,6,0.16666666666666666
",","2,",1,1,1.0
"2,","3,",1,1,1.0
"3,","4,",1,1,1.0
"4,",…,1,1,1.0
…,hasta,1,1,1.0
la,256,1,89,0.011235955056179775
256,creo,1,1,1.0
son,las,1,9,0.1111111111111111
las,noticas,1,40,0.025
noticas,totales,1,1,1.0
totales,que,1,1,1.0
que,tenemos,1,97,0.010309278350515464
tenemos,</s>,1,4,0.25
y,saben,1,60,0.016666666666666666
saben,cuando,1,1,1.0
cuando,deben,1,4,0.25
deben,presentar,1,2,0.5
presentar,Yanelli,1,1,1.0
Yanelli,y,1,1,1.0
y,su,1,60,0.016666666666666666
su,"equipo,",1,17,0.058823529411764705
"equipo,",es,1,2,0.5
me,preguntó,1,19,0.05263157894736842
preguntó,</s>,1,1,1.0
En,terminos,1,5,0.2
terminos,"simples,",1,1,1.0
"simples,",al,1,1,1.0
al,picar,1,14,0.07142857142857142
picar,Generar,1,1,1.0
Generar,"Representaciones,",1,1,1.0
"Representaciones,",se,1,1,1.0
se,deben,1,31,0.03225806451612903
deben,generar,1,2,0.5
generar,todas,1,1,1.0
las,"vectorizaciones,",1,40,0.025
"vectorizaciones,",ej:,1,1,1.0
ej:,Unigrama,1,1,1.0
Unigrama,con,1,1,1.0
con,"TF-IDF,",1,23,0.043478260869565216
"TF-IDF,",con,1,1,1.0
con,Frecuencia,1,23,0.043478260869565216
Frecuencia,y,1,1,1.0
y,con,1,60,0.016666666666666666
con,Binaria,1,23,0.043478260869565216
Binaria,y,1,1,1.0
y,a,1,60,0.016666666666666666
la,vez,1,89,0.011235955056179775
vez,con,1,1,1.0
con,"Titulo,",1,23,0.043478260869565216
"Titulo,",Contenido,1,1,1.0
Contenido,y,1,1,1.0
y,Titulo,1,60,0.016666666666666666
Titulo,+,1,1,1.0
+,"Contendio,",1,1,1.0
"Contendio,",entonces,1,1,1.0
entonces,si,1,7,0.14285714285714285
si,tenemos,1,15,0.06666666666666667
tenemos,tenemos,1,4,0.25
tenemos,2,1,4,0.25
2,opciones,1,4,0.25
opciones,de,1,2,0.5
de,"Características,",1,74,0.013513513513513514
"Características,",3,1,1,1.0
de,Representación,1,74,0.013513513513513514
Representación,y,1,1,1.0
y,3,1,60,0.016666666666666666
de,Elemento,1,74,0.013513513513513514
Elemento,de,1,1,1.0
de,Comparación,1,74,0.013513513513513514
Comparación,te,1,1,1.0
te,da,1,7,0.14285714285714285
da,18,1,2,0.5
18,=,1,2,0.5
=,2,1,1,1.0
2,*,1,4,0.25
3,*,1,6,0.16666666666666666
3,y,1,6,0.16666666666666666
y,plk,1,60,0.016666666666666666
plk,es,1,1,1.0
un,formato,1,17,0.058823529411764705
formato,de,1,1,1.0
de,archivo.,1,74,0.013513513513513514
archivo.,</s>,1,1,1.0
Y,me,1,5,0.2
me,parece,1,19,0.05263157894736842
parece,que,1,3,0.3333333333333333
el,csv,1,59,0.01694915254237288
csv,que,1,3,0.3333333333333333
que,genera,1,97,0.010309278350515464
genera,solo,1,1,1.0
solo,copia,1,5,0.2
copia,la,1,1,1.0
la,columna,1,89,0.011235955056179775
columna,que,1,1,1.0
se,quiere,1,31,0.03225806451612903
quiere,y,1,6,0.16666666666666666
ya,</s>,1,25,0.04
Ah,</s>,1,3,0.3333333333333333
<s>,si,1,488,0.0020491803278688526
si,cierto,1,15,0.06666666666666667
cierto,Va,1,1,1.0
gracias,Rolón,1,11,0.09090909090909091
<s>,import,1,488,0.0020491803278688526
import,spacy,1,1,1.0
spacy,</s>,1,1,1.0
#,Función,1,2,0.5
Función,para,1,1,1.0
para,normalizar,1,28,0.03571428571428571
normalizar,texto:,1,1,1.0
texto:,lematización,1,1,1.0
lematización,y,1,1,1.0
y,eliminación,1,60,0.016666666666666666
eliminación,estricta,1,1,1.0
estricta,de,1,1,1.0
de,"artículos,",1,74,0.013513513513513514
"artículos,","preposiciones,",1,1,1.0
"preposiciones,",conjunciones,1,1,1.0
conjunciones,y,1,1,1.0
y,pronombres,1,60,0.016666666666666666
pronombres,</s>,1,1,1.0
que,es,1,97,0.010309278350515464
es,igual,1,25,0.04
igual,como,1,2,0.5
como,lo,1,8,0.125
lo,mande,1,31,0.03225806451612903
mande,antes,1,1,1.0
antes,</s>,1,1,1.0
Quedo,chido,1,3,0.3333333333333333
chido,Muchas,1,4,0.25
Vamos,a,1,2,0.5
a,presentarlo,1,72,0.013888888888888888
presentarlo,hoy?,1,1,1.0
hoy?,</s>,1,1,1.0
Con,las,1,3,0.3333333333333333
pruebas,que,1,2,0.5
que,puso,1,97,0.010309278350515464
el,"Teams,",1,59,0.01694915254237288
"Teams,",tenemos,1,1,1.0
tenemos,que,1,4,0.25
que,poner,1,97,0.010309278350515464
poner,con,1,1,1.0
10,más,1,4,0.25
más,similares,1,8,0.125
similares,de,1,1,1.0
las,18,1,40,0.025
18,comparaciones,1,2,0.5
comparaciones,de,1,1,1.0
de,cada,1,74,0.013513513513513514
cada,una,1,2,0.5
una,</s>,1,9,0.1111111111111111
Entonces,serían,1,5,0.2
serían,5,1,1,1.0
5,tablas,1,3,0.3333333333333333
tablas,</s>,1,1,1.0
Si,sólo,1,11,0.09090909090909091
sólo,estaba,1,6,0.16666666666666666
estaba,anotando,1,2,0.5
anotando,lo,1,1,1.0
que,dijo,1,97,0.010309278350515464
dijo,el,1,3,0.3333333333333333
profe,ahorita,1,6,0.16666666666666666
Ok,según,1,5,0.2
según,lo,1,1,1.0
que,entendí,1,97,0.010309278350515464
entendí,pues,1,1,1.0
pues,mañana,1,2,0.5
a,revisar,1,72,0.013888888888888888
revisar,nada,1,1,1.0
nada,solo,1,2,0.5
solo,para,1,5,0.2
para,aquellos,1,28,0.03571428571428571
aquellos,que,1,1,1.0
profe,les,1,6,0.16666666666666666
les,hizo,1,6,0.16666666666666666
hizo,alguna,1,1,1.0
alguna,"observación,",1,2,0.5
"observación,",ahorita,1,1,1.0
ahorita,lo,1,4,0.25
que,queda,1,97,0.010309278350515464
queda,es,1,1,1.0
es,simplemente,1,25,0.04
simplemente,subir,1,1,1.0
subir,la,1,2,0.5
evidencia,al,1,2,0.5
al,Teams,1,14,0.07142857142857142
Teams,</s>,1,1,1.0
profe,ya,1,6,0.16666666666666666
ya,dió,1,25,0.04
dió,calificaciones,1,1,1.0
calificaciones,de,1,1,1.0
de,primer,1,74,0.013513513513513514
primer,parcial,1,1,1.0
parcial,o,1,1,1.0
o,dijo,1,6,0.16666666666666666
dijo,algo?,1,3,0.3333333333333333
algo?,</s>,1,1,1.0
<s>,"Rolon,",1,488,0.0020491803278688526
"Rolon,",estas,1,1,1.0
estas,seguro,1,2,0.5
seguro,que,1,1,1.0
que,funciona,1,97,0.010309278350515464
funciona,bien,1,2,0.5
bien,el,1,23,0.043478260869565216
el,codigo?,1,59,0.01694915254237288
codigo?,</s>,1,1,1.0
Es,que,1,3,0.3333333333333333
que,estoy,1,97,0.010309278350515464
estoy,haciendo,1,18,0.05555555555555555
haciendo,las,1,3,0.3333333333333333
las,evidencias,1,40,0.025
evidencias,y,1,1,1.0
y,comprobando,1,60,0.016666666666666666
comprobando,que,1,1,1.0
que,tal,1,97,0.010309278350515464
tal,va,1,1,1.0
va,pero,1,8,0.125
pero,si,1,13,0.07692307692307693
si,tiene,1,15,0.06666666666666667
tiene,similitudes,1,3,0.3333333333333333
similitudes,muy,1,1,1.0
muy,bajas,1,8,0.125
bajas,y,1,1,1.0
y,hay,1,60,0.016666666666666666
hay,noticias,1,4,0.25
noticias,que,1,4,0.25
no,tienen,1,25,0.04
tienen,ninguna,1,3,0.3333333333333333
ninguna,palabra,1,1,1.0
palabra,igual.,1,2,0.5
igual.,</s>,1,1,1.0
<s>,Emily,1,488,0.0020491803278688526
Emily,podrías,1,5,0.2
podrías,hacer,1,1,1.0
hacer,las,1,8,0.125
pruebas,con,1,2,0.5
con,el,1,23,0.043478260869565216
codigo,de,1,3,0.3333333333333333
de,Axel,1,74,0.013513513513513514
Axel,para,1,1,1.0
para,saber,1,28,0.03571428571428571
saber,si,1,2,0.5
es,normal,1,25,0.04
normal,esto?,1,1,1.0
esto?,</s>,1,1,1.0
Oh,ya,1,2,0.5
ya,vi,1,25,0.04
vi,cual,1,1,1.0
cual,es,1,1,1.0
un,"problema,",1,17,0.058823529411764705
"problema,",son,1,1,1.0
los,"acentos,",1,24,0.041666666666666664
"acentos,",no,1,1,1.0
no,los,1,25,0.04
los,identifica,1,24,0.041666666666666664
identifica,bien,1,1,1.0
bien,aunque,1,23,0.043478260869565216
aunque,sea,1,1,1.0
sea,la,1,3,0.3333333333333333
misma,palabra,1,3,0.3333333333333333
palabra,</s>,1,2,0.5
<s>,"Como,",1,488,0.0020491803278688526
"Como,",pero,1,1,1.0
ya,entregaron,1,25,0.04
entregaron,ustedes,1,1,1.0
ustedes,la,1,3,0.3333333333333333
la,evidencia?,1,89,0.011235955056179775
evidencia?,</s>,1,1,1.0
Ah,vale,1,3,0.3333333333333333
vale,va,1,1,1.0
va,</s>,1,8,0.125
Me,pasan,1,5,0.2
pasan,sus,1,1,1.0
sus,nombres,1,4,0.25
nombres,completos,1,1,1.0
completos,por,1,1,1.0
por,fa?,1,20,0.05
fa?,</s>,1,1,1.0
Si,también,1,11,0.09090909090909091
también,le,1,4,0.25
le,pregunté,1,12,0.08333333333333333
pregunté,por,1,1,1.0
ya,estaba,1,25,0.04
estaba,haciendo,1,2,0.5
haciendo,la,1,3,0.3333333333333333
evidencia,</s>,1,2,0.5
Porque,no,1,2,0.5
no,quiso,1,25,0.04
quiso,el,1,1,1.0
profe,saber,1,6,0.16666666666666666
saber,el,1,2,0.5
el,corpus,1,59,0.01694915254237288
corpus,document?,1,1,1.0
document?,</s>,1,1,1.0
No,las,1,3,0.3333333333333333
las,quiere,1,40,0.025
quiere,como,1,6,0.16666666666666666
como,las,1,8,0.125
las,puso,1,40,0.025
la,explicación,1,89,0.011235955056179775
explicación,de,1,1,1.0
la,práctica?,1,89,0.011235955056179775
práctica?,</s>,1,1,1.0
<s>,Qué,1,488,0.0020491803278688526
Qué,onda,1,1,1.0
<s>,Al,1,488,0.0020491803278688526
Al,parecer,1,1,1.0
parecer,va,1,2,0.5
a,haber,1,72,0.013888888888888888
haber,varias,1,1,1.0
varias,prácticas,1,2,0.5
prácticas,de,1,1,1.0
de,"equipo,",1,74,0.013513513513513514
"equipo,",entonces,1,2,0.5
entonces,para,1,7,0.14285714285714285
sea,más,1,3,0.3333333333333333
más,dinámico,1,8,0.125
dinámico,nuestro,1,1,1.0
nuestro,trabajo,1,2,0.5
trabajo,cree,1,1,1.0
cree,una,1,2,0.5
una,carpeta,1,9,0.1111111111111111
de,Drive,1,74,0.013513513513513514
Drive,para,1,1,1.0
hacer,los,1,8,0.125
reportes,en,1,2,0.5
en,caso,1,61,0.01639344262295082
caso,que,1,1,1.0
que,pida,1,97,0.010309278350515464
pida,algo,1,1,1.0
algo,más,1,3,0.3333333333333333
más,elaborado,1,8,0.125
elaborado,como,1,1,1.0
como,ahora,1,8,0.125
ahora,y,1,3,0.3333333333333333
también,subir,1,4,0.25
subir,cosas,1,2,0.5
cosas,de,1,2,0.5
de,importancia,1,74,0.013513513513513514
importancia,Y,1,1,1.0
Y,cree,1,5,0.2
cree,un,1,2,0.5
un,repositorio,1,17,0.058823529411764705
repositorio,de,1,1,1.0
de,github,1,74,0.013513513513513514
github,para,1,1,1.0
sea,mas,1,3,0.3333333333333333
mas,facil,1,1,1.0
facil,que,1,1,1.0
nos,pasemos,1,7,0.14285714285714285
pasemos,el,1,1,1.0
codigo,y,1,3,0.3333333333333333
y,que,1,60,0.016666666666666666
que,tengamos,1,97,0.010309278350515464
tengamos,versiones,1,1,1.0
versiones,anteriores,1,1,1.0
anteriores,por,1,1,1.0
por,si,1,20,0.05
si,nos,1,15,0.06666666666666667
nos,equivocamos,1,7,0.14285714285714285
equivocamos,</s>,1,1,1.0
<s>,"Ala,",1,488,0.0020491803278688526
"Ala,",sólo,1,1,1.0
sólo,de,1,6,0.16666666666666666
de,nosotros,1,74,0.013513513513513514
nosotros,tres?,1,1,1.0
tres?,</s>,1,1,1.0
Ah,bueno,1,3,0.3333333333333333
bueno,jaja,1,2,0.5
jaja,</s>,1,1,1.0
"Hola,",profesor.,1,7,0.14285714285714285
estamos,fuera,1,7,0.14285714285714285
fuera,de,1,2,0.5
su,"cubículo,",1,17,0.058823529411764705
"cubículo,",se,1,1,1.0
se,encuentra?,1,31,0.03225806451612903
encuentra?,</s>,1,1,1.0
"Si,",solo,1,5,0.2
solo,era,1,5,0.2
era,para,1,1,1.0
para,platicar,1,28,0.03571428571428571
platicar,con,1,2,0.5
usted,sobre,1,2,0.5
sobre,nuestro,1,4,0.25
nuestro,TT,1,2,0.5
TT,y,1,2,0.5
y,si,1,60,0.016666666666666666
es,posible,1,25,0.04
posible,hacer,1,1,1.0
hacer,mi,1,8,0.125
mi,servicio,1,9,0.1111111111111111
social,con,1,2,0.5
con,usted?,1,23,0.043478260869565216
cubículo,o,1,4,0.25
o,en,1,6,0.16666666666666666
el,laboratorio?,1,59,0.01694915254237288
laboratorio?,</s>,1,1,1.0
"Disculpe,",hubo,1,3,0.3333333333333333
hubo,alguna,1,1,1.0
alguna,noticia,1,2,0.5
noticia,del,1,1,1.0
del,servicio,1,11,0.09090909090909091
social,y,1,2,0.5
y,para,1,60,0.016666666666666666
para,juntarnos,1,28,0.03571428571428571
juntarnos,para,1,1,1.0
para,ver,1,28,0.03571428571428571
ver,lo,1,6,0.16666666666666666
lo,del,1,31,0.03225806451612903
del,TT?,1,11,0.09090909090909091
TT?,</s>,1,1,1.0
<s>,Hurtado,1,488,0.0020491803278688526
Hurtado,Morales,1,1,1.0
Morales,Emiliano,1,1,1.0
Emiliano,</s>,1,1,1.0
"Ok,",muchas,1,8,0.125
"gracias,",profesor.,1,4,0.25
Entonces,ahora,1,5,0.2
ahora,sería,1,3,0.3333333333333333
sería,registrarme,1,3,0.3333333333333333
registrarme,en,1,1,1.0
el,SISS,1,59,0.01694915254237288
SISS,y,1,1,1.0
y,enviar,1,60,0.016666666666666666
enviar,la,1,1,1.0
la,"documentación,",1,89,0.011235955056179775
"documentación,",verdad?,1,1,1.0
verdad?,</s>,1,1,1.0
Y,sobre,1,5,0.2
la,"junta,",1,89,0.011235955056179775
"junta,",el,1,1,1.0
jueves,le,1,2,0.5
le,funciona,1,12,0.08333333333333333
funciona,a,1,2,0.5
Está,libre,1,3,0.3333333333333333
libre,ahora?,1,1,1.0
ahora?,</s>,1,1,1.0
Porque,me,1,2,0.5
me,tengo,1,19,0.05263157894736842
tengo,que,1,11,0.09090909090909091
que,retirar,1,97,0.010309278350515464
retirar,a,1,1,1.0
las,12:30.,1,40,0.025
12:30.,</s>,1,1,1.0
"Vale,",voy,1,7,0.14285714285714285
para,allá.,1,28,0.03571428571428571
allá.,</s>,1,1,1.0
"días,",profe.,1,10,0.1
"Disculpe,",no,1,3,0.3333333333333333
he,podido,1,3,0.3333333333333333
podido,realizar,1,1,1.0
realizar,las,1,1,1.0
las,"animaciones,",1,40,0.025
"animaciones,",porque,1,1,1.0
porque,no,1,6,0.16666666666666666
no,encuentro,1,25,0.04
encuentro,las,1,1,1.0
las,expresiones,1,40,0.025
expresiones,que,1,2,0.5
que,quiere,1,97,0.010309278350515464
que,"anime,",1,97,0.010309278350515464
"anime,",estas,1,1,1.0
estas,las,1,2,0.5
las,subió,1,40,0.025
subió,en,1,1,1.0
un,documento,1,17,0.058823529411764705
documento,o,1,2,0.5
o,están,1,6,0.16666666666666666
las,diapositivas?,1,40,0.025
diapositivas?,</s>,1,1,1.0
Le,subí,1,2,0.5
presentación,de,1,5,0.2
de,operadores,1,74,0.013513513513513514
operadores,a,1,1,1.0
la,"carpeta,",1,89,0.011235955056179775
"carpeta,",¿podría,1,1,1.0
¿podría,"revisarla,",1,1,1.0
"revisarla,",por,1,1,1.0
por,"favor,",1,20,0.05
"favor,",y,1,1,1.0
y,comentarme,1,60,0.016666666666666666
comentarme,que,1,1,1.0
le,parece?,1,12,0.08333333333333333
Buenos,"dias,",1,11,0.09090909090909091
"dias,",profesor.,1,1,1.0
<s>,Estuve,1,488,0.0020491803278688526
Estuve,haciendo,1,1,1.0
haciendo,varios,1,3,0.3333333333333333
varios,diseños,1,1,1.0
diseños,y,1,1,1.0
y,este,1,60,0.016666666666666666
este,final,1,7,0.14285714285714285
final,es,1,2,0.5
es,el,1,25,0.04
el,que,1,59,0.01694915254237288
me,pareció,1,19,0.05263157894736842
pareció,más,1,1,1.0
más,adecuado,1,8,0.125
adecuado,para,1,1,1.0
para,las,1,28,0.03571428571428571
las,apuntadores.,1,40,0.025
apuntadores.,</s>,1,1,1.0
presentación,al,1,5,0.2
al,"OneDrive,",1,14,0.07142857142857142
"OneDrive,",estoy,1,1,1.0
estoy,atento,1,18,0.05555555555555555
"Hola,",prof.,1,7,0.14285714285714285
prof.,</s>,1,1,1.0
poder,entrar?,1,3,0.3333333333333333
entrar?,</s>,1,1,1.0
Ya,hicimos,1,54,0.018518518518518517
hicimos,revisión,1,1,1.0
revisión,con,1,2,0.5
con,Alcántara.,1,23,0.043478260869565216
Alcántara.,</s>,1,1,1.0
"Vale,","maestro,",1,7,0.14285714285714285
"maestro,",quedó,1,4,0.25
quedó,atento.,1,1,1.0
"Claro,",me,1,14,0.07142857142857142
me,pongo,1,19,0.05263157894736842
pongo,a,1,2,0.5
a,hacerlo.,1,72,0.013888888888888888
hacerlo.,</s>,1,1,1.0
primera,versión,1,2,0.5
versión,de,1,1,1.0
los,ejemplos,1,24,0.041666666666666664
ejemplos,del,1,2,0.5
del,PSeInt.,1,11,0.09090909090909091
PSeInt.,</s>,1,1,1.0
"Claro,",realizo,1,14,0.07142857142857142
realizo,los,1,3,0.3333333333333333
los,ejemplos.,1,24,0.041666666666666664
ejemplos.,</s>,1,1,1.0
están,arribas,1,7,0.14285714285714285
arribas,mis,1,1,1.0
mis,propuestas,1,2,0.5
propuestas,de,1,1,1.0
de,memoria,1,74,0.013513513513513514
memoria,dinámica,1,1,1.0
dinámica,y,1,1,1.0
los,ejercicios.,1,24,0.041666666666666664
ejercicios.,</s>,1,1,1.0
sus,comentarios,1,4,0.25
comentarios,y,1,1,1.0
y,sin,1,60,0.016666666666666666
problema,hago,1,6,0.16666666666666666
hago,modificaciones.,1,1,1.0
"Claro,","maestro,",1,14,0.07142857142857142
"maestro,",lo,1,4,0.25
lo,agrego.,1,31,0.03225806451612903
agrego.,</s>,1,1,1.0
están,arriba,1,7,0.14285714285714285
arriba,las,1,1,1.0
las,modificaciones.,1,40,0.025
no,tengo.,1,25,0.04
tengo.,</s>,1,1,1.0
Que,se,1,20,0.05
se,tendría,1,31,0.03225806451612903
tendría,que,1,1,1.0
que,hacer?,1,97,0.010309278350515464
hacer?,</s>,1,1,1.0
Entonces,quedo,1,5,0.2
quedo,atento.,1,2,0.5
<s>,Gracias.,1,488,0.0020491803278688526
Gracias.,</s>,1,1,1.0
Buena,tarde.,1,3,0.3333333333333333
tarde.,</s>,1,1,1.0
que,puede,1,97,0.010309278350515464
puede,intentar,1,7,0.14285714285714285
intentar,con,1,1,1.0
con,SmallPDF,1,23,0.043478260869565216
SmallPDF,o,1,1,1.0
o,PDF,1,6,0.16666666666666666
PDF,Candy.,1,1,1.0
Candy.,</s>,1,1,1.0
Si,"desea,",1,11,0.09090909090909091
"desea,",mándeme,1,1,1.0
mándeme,el,1,1,1.0
pdf,y,1,2,0.5
y,lo,1,60,0.016666666666666666
lo,intento.,1,31,0.03225806451612903
intento.,</s>,1,1,1.0
"No,",pero,1,15,0.06666666666666667
se,reducio,1,31,0.03225806451612903
reducio,la,1,1,1.0
la,calidad,1,89,0.011235955056179775
calidad,</s>,1,1,1.0
<s>,Puedo,1,488,0.0020491803278688526
Puedo,intentarlo.,1,1,1.0
intentarlo.,</s>,1,1,1.0
cubículo,a,1,4,0.25
<s>,respuesta,1,488,0.0020491803278688526
respuesta,</s>,1,1,1.0
"ok,",pero,1,2,0.5
pero,está,1,13,0.07692307692307693
está,disponible,1,6,0.16666666666666666
disponible,ahora,1,1,1.0
ahora,u,1,3,0.3333333333333333
u,otro,1,1,1.0
otro,día,1,4,0.25
día,lo,1,2,0.5
puedo,ver?,1,11,0.09090909090909091
ver?,</s>,1,1,1.0
Es,para,1,3,0.3333333333333333
la,firma,1,89,0.011235955056179775
de,SS.,1,74,0.013513513513513514
SS.,</s>,1,1,1.0
"Vale,","gracias,",1,7,0.14285714285714285
"gracias,",maestro.,1,4,0.25
"maestro,",está,1,4,0.25
Año,Nuevo!,1,2,0.5
Nuevo!,</s>,1,1,1.0
"Disculpe,",qué,1,3,0.3333333333333333
qué,día,1,4,0.25
día,estaría,1,2,0.5
estaría,esta,1,1,1.0
semana,para,1,4,0.25
para,poder,1,28,0.03571428571428571
poder,ir,1,3,0.3333333333333333
a,firmar,1,72,0.013888888888888888
de,SS?,1,74,0.013513513513513514
"Oh,",una,1,3,0.3333333333333333
una,"disculpa,",1,9,0.1111111111111111
"disculpa,",mañana,1,1,1.0
no,"puedo,",1,25,0.04
"puedo,",puede,1,1,1.0
puede,otro,1,7,0.14285714285714285
otro,día?,1,4,0.25
día?,</s>,1,1,1.0
"Vale,",lo,1,7,0.14285714285714285
lo,veo,1,31,0.03225806451612903
veo,el,1,2,0.5
el,"miércoles,",1,59,0.01694915254237288
"miércoles,",muchas,1,1,1.0
estado?,Hay,1,5,0.2
Hay,algo,1,3,0.3333333333333333
algo,en,1,3,0.3333333333333333
en,lo,1,61,0.01639344262295082
que,necesite,1,97,0.010309278350515464
necesite,apoyo?,1,1,1.0
apoyo?,</s>,1,1,1.0
Me,faltan,1,5,0.2
faltan,3,1,1,1.0
3,meses,1,6,0.16666666666666666
meses,y,1,1,1.0
y,medio.,1,60,0.016666666666666666
medio.,</s>,1,1,1.0
<s>,Termino,1,488,0.0020491803278688526
Termino,en,1,1,1.0
en,mayo,1,61,0.01639344262295082
mayo,16.,1,1,1.0
16.,</s>,1,1,1.0
Se,refiere,1,5,0.2
refiere,a,1,1,1.0
a,un,1,72,0.013888888888888888
un,forms,1,17,0.058823529411764705
forms,de,1,1,1.0
de,"Google,",1,74,0.013513513513513514
"Google,",donde,1,2,0.5
donde,haya,1,1,1.0
haya,opciones,1,1,1.0
opciones,múltiple,1,2,0.5
múltiple,del,1,1,1.0
del,número,1,11,0.09090909090909091
número,de,1,1,1.0
de,ramas,1,74,0.013513513513513514
ramas,y,1,1,1.0
y,mallas,1,60,0.016666666666666666
mallas,o,1,1,1.0
o,desea,1,6,0.16666666666666666
desea,que,1,1,1.0
que,sean,1,97,0.010309278350515464
sean,preguntas,1,1,1.0
preguntas,abiertas?,1,2,0.5
abiertas?,</s>,1,1,1.0
"Vale,",cuantos,1,7,0.14285714285714285
cuantos,circuitos,1,1,1.0
circuitos,desea?,1,1,1.0
desea?,</s>,1,1,1.0
me,inscribí.,1,19,0.05263157894736842
inscribí.,</s>,1,1,1.0
<s>,Asi,1,488,0.0020491803278688526
Asi,lo,1,1,1.0
lo,estoy,1,31,0.03225806451612903
estoy,trabaando.,1,18,0.05555555555555555
trabaando.,</s>,1,1,1.0
La,evaluación,1,2,0.5
evaluación,del,1,3,0.3333333333333333
del,tutor?,1,11,0.09090909090909091
tutor?,</s>,1,1,1.0
"Uy,",ahorita,1,2,0.5
ahorita,estoy,1,4,0.25
estoy,revisando,1,18,0.05555555555555555
revisando,pero,1,1,1.0
pero,no,1,13,0.07692307692307693
no,me,1,25,0.04
me,deja,1,19,0.05263157894736842
deja,verla.,1,2,0.5
verla.,</s>,1,1,1.0
<s>,De,1,488,0.0020491803278688526
De,lo,1,1,1.0
que,recuerdo,1,97,0.010309278350515464
recuerdo,son,1,3,0.3333333333333333
son,preguntas,1,9,0.1111111111111111
preguntas,sobre,1,2,0.5
sobre,los,1,4,0.25
los,valores,1,24,0.041666666666666664
valores,politécnicos,1,1,1.0
politécnicos,que,1,1,1.0
se,presentaron,1,31,0.03225806451612903
presentaron,en,1,1,1.0
la,"tutoría,",1,89,0.011235955056179775
"tutoría,",pero,1,1,1.0
pero,más,1,13,0.07692307692307693
más,allá,1,8,0.125
allá,de,1,1,1.0
de,eso,1,74,0.013513513513513514
eso,no,1,7,0.14285714285714285
no,recuerdo,1,25,0.04
recuerdo,que,1,3,0.3333333333333333
se,pregunte,1,31,0.03225806451612903
pregunte,exactamente,1,1,1.0
exactamente,sobre,1,1,1.0
la,identidad,1,89,0.011235955056179775
identidad,politécnica.,1,1,1.0
politécnica.,</s>,1,1,1.0
Si,recuerdo,1,11,0.09090909090909091
recuerdo,algo,1,3,0.3333333333333333
algo,"especifico,",1,3,0.3333333333333333
"especifico,",se,1,1,1.0
se,lo,1,31,0.03225806451612903
lo,"comento,",1,31,0.03225806451612903
"comento,",pero,1,1,1.0
pero,hace,1,13,0.07692307692307693
hace,tiempo,1,5,0.2
tiempo,que,1,3,0.3333333333333333
que,hice,1,97,0.010309278350515464
hice,la,1,2,0.5
la,evaluación,1,89,0.011235955056179775
evaluación,y,1,3,0.3333333333333333
y,no,1,60,0.016666666666666666
no,lo,1,25,0.04
tengo,fresco.,1,11,0.09090909090909091
fresco.,</s>,1,1,1.0
subí,el,1,6,0.16666666666666666
el,"forms,",1,59,0.01694915254237288
"forms,",decidí,1,1,1.0
decidí,usar,1,1,1.0
usar,"Google,",1,2,0.5
"Google,",porque,1,2,0.5
porque,tiene,1,6,0.16666666666666666
tiene,más,1,3,0.3333333333333333
más,funcionalidades,1,8,0.125
funcionalidades,para,1,1,1.0
hacer,un,1,8,0.125
un,cuestionario,1,17,0.058823529411764705
cuestionario,y,1,1,1.0
y,analizar,1,60,0.016666666666666666
analizar,las,1,1,1.0
las,respuestas.,1,40,0.025
respuestas.,</s>,1,1,1.0
"Si,",está,1,5,0.2
carpeta,una,1,5,0.2
una,URL,1,9,0.1111111111111111
URL,que,1,1,1.0
llama,"circuitos,",1,2,0.5
"circuitos,",coménteme,1,1,1.0
coménteme,si,1,1,1.0
si,le,1,15,0.06666666666666667
le,deja,1,12,0.08333333333333333
deja,entrar,1,2,0.5
entrar,cuando,1,1,1.0
cuando,pueda.,1,4,0.25
pueda.,</s>,1,1,1.0
ya,inicié,1,25,0.04
inicié,el,1,1,1.0
curso,que,1,2,0.5
me,comentó.,1,19,0.05263157894736842
comentó.,</s>,1,1,1.0
Mañana,lo,1,2,0.5
puedo,encontrar,1,11,0.09090909090909091
encontrar,a,1,2,0.5
"Claro,",tiene,1,14,0.07142857142857142
tiene,el,1,3,0.3333333333333333
código,para,1,2,0.5
lo,pueda,1,31,0.03225806451612903
pueda,copiar,1,2,0.5
copiar,y,1,1,1.0
y,pegar?,1,60,0.016666666666666666
pegar?,</s>,1,1,1.0
"Vale,",no,1,7,0.14285714285714285
se,"preocupe,",1,31,0.03225806451612903
"preocupe,",entonces,1,1,1.0
entonces,lo,1,7,0.14285714285714285
lo,copio,1,31,0.03225806451612903
copio,a,1,1,1.0
a,mano.,1,72,0.013888888888888888
mano.,</s>,1,1,1.0
#,Importamos,1,2,0.5
Importamos,la,1,1,1.0
la,biblioteca,1,89,0.011235955056179775
biblioteca,re,1,1,1.0
re,para,1,1,1.0
para,expresiones,1,28,0.03571428571428571
expresiones,regulares,1,2,0.5
regulares,</s>,1,1,1.0
Hoy,no,1,2,0.5
no,fui,1,25,0.04
fui,a,1,1,1.0
la,"escuela,",1,89,0.011235955056179775
"escuela,",porque,1,1,1.0
porque,tengo,1,6,0.16666666666666666
tengo,lastimado,1,11,0.09090909090909091
lastimado,mi,1,1,1.0
mi,"pie,",1,9,0.1111111111111111
"pie,",mañana,1,1,1.0
mañana,creo,1,6,0.16666666666666666
creo,ya,1,13,0.07692307692307693
ya,estar,1,25,0.04
estar,"bien,",1,3,0.3333333333333333
"bien,",puede,1,17,0.058823529411764705
puede,igual,1,7,0.14285714285714285
igual,a,1,2,0.5
"Gracias,",maestro,1,5,0.2
maestro,Pero,1,5,0.2
Pero,yo,1,6,0.16666666666666666
que,mañana,1,97,0.010309278350515464
mañana,si,1,6,0.16666666666666666
si,puedo,1,15,0.06666666666666667
puedo,"estar,",1,11,0.09090909090909091
"estar,",si,1,2,0.5
si,quiere,1,15,0.06666666666666667
quiere,lo,1,6,0.16666666666666666
puedo,ver,1,11,0.09090909090909091
su,cubículo.,1,17,0.058823529411764705
cubículo.,</s>,1,1,1.0
"Claro,",lo,1,14,0.07142857142857142
lo,realizo,1,31,0.03225806451612903
Ya,"mejor,",1,54,0.018518518518518517
"mejor,",profe.,1,2,0.5
Pero,sigo,1,6,0.16666666666666666
sigo,con,1,1,1.0
con,un,1,23,0.043478260869565216
un,poco,1,17,0.058823529411764705
de,dolor.,1,74,0.013513513513513514
dolor.,</s>,1,1,1.0
"Si,",estuve,1,5,0.2
estuve,tomando,1,1,1.0
tomando,esta,1,1,1.0
semana,la,1,4,0.25
la,medicina,1,89,0.011235955056179775
medicina,que,1,1,1.0
el,médico.,1,59,0.01694915254237288
"Gracias,",profe.,1,5,0.2
"Listo,",prof,1,4,0.25
prof,</s>,1,2,0.5
Ya,mucho,1,54,0.018518518518518517
mucho,"mejor,",1,4,0.25
"mejor,",siento,1,2,0.5
siento,algunas,1,1,1.0
algunas,"punzadas,",1,3,0.3333333333333333
"punzadas,",pero,1,1,1.0
ya,puedo,1,25,0.04
puedo,caminar,1,11,0.09090909090909091
caminar,bien.,1,1,1.0
"Si,",tomé,1,5,0.2
tomé,algunas,1,1,1.0
algunas,pastillas,1,3,0.3333333333333333
pastillas,y,1,1,1.0
el,diclofenaco,1,59,0.01694915254237288
diclofenaco,</s>,1,1,1.0
<s>,3.2,1,488,0.0020491803278688526
3.2,Descripción,1,1,1.0
Descripción,de,1,1,1.0
de,cómo,1,74,0.013513513513513514
cómo,se,1,2,0.5
se,fomenta,1,31,0.03225806451612903
fomenta,cada,1,1,1.0
cada,eje,1,2,0.5
eje,transversal,1,1,1.0
transversal,institucional,1,1,1.0
institucional,en,1,1,1.0
la,unidad,1,89,0.011235955056179775
unidad,de,1,1,1.0
de,aprendizaje,1,74,0.013513513513513514
aprendizaje,</s>,1,1,1.0
"Claro,",en,1,14,0.07142857142857142
en,qué,1,61,0.01639344262295082
qué,le,1,4,0.25
le,puedo,1,12,0.08333333333333333
puedo,ayudar?,1,11,0.09090909090909091
ayudar?,</s>,1,1,1.0
Entonces,quiere,1,5,0.2
le,de,1,12,0.08333333333333333
de,algunos,1,74,0.013513513513513514
algunos,ejemplos,1,1,1.0
ejemplos,usando,1,2,0.5
usando,numpy?,1,1,1.0
numpy?,</s>,1,1,1.0
Lo,empiezo,1,3,0.3333333333333333
empiezo,a,1,1,1.0
a,trabajar,1,72,0.013888888888888888
trabajar,</s>,1,1,1.0
"maestro,",este,1,4,0.25
este,sería,1,7,0.14285714285714285
sería,el,1,3,0.3333333333333333
código,que,1,2,0.5
que,creo,1,97,0.010309278350515464
creo,resulve,1,13,0.07692307692307693
resulve,su,1,1,1.0
su,evaluación,1,17,0.058823529411764705
evaluación,</s>,1,3,0.3333333333333333
También,lo,1,5,0.2
lo,pongo,1,31,0.03225806451612903
pongo,en,1,2,0.5
carpeta,</s>,1,5,0.2
"Bien,",ya,1,3,0.3333333333333333
estoy,totalmente,1,18,0.05555555555555555
totalmente,"recuperado,",1,1,1.0
"recuperado,",muchas,1,1,1.0
Lo,realizo,1,3,0.3333333333333333
<s>,Buen,1,488,0.0020491803278688526
Buen,fin,1,1,1.0
de,semana,1,74,0.013513513513513514
semana,largo,1,4,0.25
largo,</s>,1,1,1.0
<s>,#include,1,488,0.0020491803278688526
#include,<stdio.h>,1,1,1.0
<stdio.h>,</s>,1,1,1.0
Ya,quedaron,1,54,0.018518518518518517
quedaron,las,1,1,1.0
presentaciones,de,1,2,0.5
las,librerías,1,40,0.025
librerías,y,1,1,1.0
y,scanf.,1,60,0.016666666666666666
scanf.,</s>,1,1,1.0
Ya,subí,1,54,0.018518518518518517
subí,las,1,6,0.16666666666666666
presentaciones,y,1,2,0.5
códigos,a,1,2,0.5
la,carpeta.,1,89,0.011235955056179775
carpeta.,</s>,1,1,1.0
<s>,¿Mañana,1,488,0.0020491803278688526
¿Mañana,puedo,1,1,1.0
puedo,pasar,1,11,0.09090909090909091
pasar,con,1,3,0.3333333333333333
usted,a,1,2,0.5
1,para,1,6,0.16666666666666666
para,firmar,1,28,0.03571428571428571
<s>,A,1,488,0.0020491803278688526
A,la,1,1,1.0
1,tenía,1,6,0.16666666666666666
tenía,"pensado,",1,1,1.0
"pensado,",espero,1,1,1.0
espero,terminar,1,2,0.5
terminar,a,1,1,1.0
a,tiempo,1,72,0.013888888888888888
tiempo,la,1,3,0.3333333333333333
la,revisión,1,89,0.011235955056179775
revisión,de,1,2,0.5
seguimiento,con,1,2,0.5
con,Ulises.,1,23,0.043478260869565216
Ulises.,</s>,1,1,1.0
Nos,tocó,1,2,0.5
tocó,como,1,2,0.5
como,profesor,1,8,0.125
profesor,de,1,1,1.0
seguimiento,</s>,1,2,0.5
Mañana,vamos,1,2,0.5
a,platicar,1,72,0.013888888888888888
platicar,de,1,2,0.5
de,todo,1,74,0.013513513513513514
todo,eso,1,6,0.16666666666666666
Claro,</s>,1,3,0.3333333333333333
"Igual,",maestro.,1,2,0.5
<s>,Excelentes,1,488,0.0020491803278688526
Excelentes,vacaciones,1,1,1.0
vacaciones,</s>,1,1,1.0
Ya,realicé,1,54,0.018518518518518517
realicé,la,1,3,0.3333333333333333
también,subí,1,4,0.25
subí,los,1,6,0.16666666666666666
códigos,que,1,2,0.5
que,utilicé.,1,97,0.010309278350515464
utilicé.,</s>,1,1,1.0
<s>,Todo,1,488,0.0020491803278688526
Todo,lo,1,2,0.5
lo,puse,1,31,0.03225806451612903
de,Lenguaje,1,74,0.013513513513513514
Lenguaje,C/Estructuras,1,1,1.0
C/Estructuras,de,1,1,1.0
de,seleccion,1,74,0.013513513513513514
seleccion,</s>,1,1,1.0
Nos,puede,1,2,0.5
puede,pasar,1,7,0.14285714285714285
pasar,cuando,1,3,0.3333333333333333
cuando,pueda,1,4,0.25
pueda,los,1,2,0.5
los,"documentos,",1,24,0.041666666666666664
"documentos,",por,1,1,1.0
"Vale,",muchas,1,7,0.14285714285714285
"gracias,",maestro!,1,4,0.25
maestro!,Buena,1,1,1.0
Buena,noche,1,3,0.3333333333333333
noche,</s>,1,1,1.0
El,viernes,1,2,0.5
viernes,puedo,1,1,1.0
puedo,ir,1,11,0.09090909090909091
las,10:00,1,40,0.025
10:00,a,1,1,1.0
firma,de,1,3,0.3333333333333333
de,los,1,74,0.013513513513513514
reportes,del,1,2,0.5
del,SS?,1,11,0.09090909090909091
<s>,"Ah,",1,488,0.0020491803278688526
"Ah,",muy,1,1,1.0
muy,"bien,",1,8,0.125
"bien,",maestro.,1,17,0.058823529411764705
Muchas,"gracias,",1,4,0.25
"gracias,",me,1,4,0.25
me,puede,1,19,0.05263157894736842
puede,recuperar,1,7,0.14285714285714285
recuperar,por,1,1,1.0
por,completo,1,20,0.05
completo,</s>,1,1,1.0
<s>,Maestro,1,488,0.0020491803278688526
Maestro,"Figueroa,",1,1,1.0
"Figueroa,",mañana,1,1,1.0
mañana,puede,1,6,0.16666666666666666
puede,llevar,1,7,0.14285714285714285
llevar,su,1,1,1.0
su,aparato,1,17,0.058823529411764705
aparato,que,1,1,1.0
nos,permite,1,7,0.14285714285714285
permite,mover,1,1,1.0
mover,la,1,1,1.0
presentación,a,1,5,0.2
a,"distancia,",1,72,0.013888888888888888
"distancia,",por,1,1,1.0
Muchas,</s>,1,4,0.25
<s>,gracias,1,488,0.0020491803278688526
maestro,Desde,1,5,0.2
Desde,la,1,1,1.0
la,semana,1,89,0.011235955056179775
semana,que,1,4,0.25
me,"firmó,",1,19,0.05263157894736842
"firmó,",realicé,1,1,1.0
realicé,el,1,3,0.3333333333333333
el,proceso,1,59,0.01694915254237288
proceso,y,1,1,1.0
tengo,mi,1,11,0.09090909090909091
mi,carta,1,9,0.1111111111111111
carta,de,1,1,1.0
de,término,1,74,0.013513513513513514
término,e,1,1,1.0
e,hice,1,1,1.0
hice,los,1,2,0.5
los,procesos,1,24,0.041666666666666664
procesos,que,1,1,1.0
me,indicaron,1,19,0.05263157894736842
indicaron,ahí.,1,1,1.0
Ahorita,ya,1,2,0.5
ya,sería,1,25,0.04
sería,esperar,1,3,0.3333333333333333
que,verifiquen,1,97,0.010309278350515464
todo,está,1,6,0.16666666666666666
Buenas,tardes,1,13,0.07692307692307693
tardes,maestro,1,1,1.0
maestro,Todo,1,5,0.2
Todo,bien,1,2,0.5
bien,muchas,1,23,0.043478260869565216
gracias,y,1,11,0.09090909090909091
y,usted?,1,60,0.016666666666666666
<s>,Todavía,1,488,0.0020491803278688526
Todavía,tengo,1,1,1.0
tengo,este,1,11,0.09090909090909091
semestre,materias,1,8,0.125
materias,Empezaría,1,1,1.0
Empezaría,los,1,1,1.0
los,trámites,1,24,0.041666666666666664
trámites,el,1,1,1.0
el,próximo,1,59,0.01694915254237288
próximo,semestre,1,1,1.0
semestre,Pero,1,8,0.125
Pero,ya,1,6,0.16666666666666666
tengo,todo,1,11,0.09090909090909091
todo,solo,1,6,0.16666666666666666
solo,es,1,5,0.2
es,acabar,1,25,0.04
acabar,este,1,1,1.0
Ya,la,1,54,0.018518518518518517
la,realicé,1,89,0.011235955056179775
realicé,Llevo,1,3,0.3333333333333333
Llevo,trabajando,1,1,1.0
trabajando,ya,1,3,0.3333333333333333
ya,tiempo,1,25,0.04
tiempo,</s>,1,3,0.3333333333333333
Si,Ya,1,11,0.09090909090909091
tengo,registrado,1,11,0.09090909090909091
registrado,en,1,1,1.0
en,mi,1,61,0.01639344262295082
mi,SAES,1,9,0.1111111111111111
SAES,</s>,1,1,1.0
maestro,Claro,1,5,0.2
Claro,la,1,3,0.3333333333333333
la,he,1,89,0.011235955056179775
he,tenido,1,3,0.3333333333333333
tenido,durante,1,1,1.0
durante,la,1,1,1.0
la,"uni,",1,89,0.011235955056179775
"uni,",tengo,1,1,1.0
tengo,pensado,1,11,0.09090909090909091
pensado,en,1,1,1.0
en,pedirla,1,61,0.01639344262295082
pedirla,este,1,1,1.0
semestre,también,1,8,0.125
también,</s>,1,4,0.25
"No,",ese,1,15,0.06666666666666667
ese,monto,1,2,0.5
monto,es,1,1,1.0
es,por,1,25,0.04
y,luego,1,60,0.016666666666666666
luego,se,1,2,0.5
se,reválida,1,31,0.03225806451612903
reválida,para,1,1,1.0
para,el,1,28,0.03571428571428571
siguiente,semestre,1,2,0.5
"No,",sólo,1,15,0.06666666666666667
exhibición,</s>,1,2,0.5
Si,todos,1,11,0.09090909090909091
los,montos,1,24,0.041666666666666664
montos,son,1,1,1.0
son,sólo,1,9,0.1111111111111111
exhibición,por,1,2,0.5
y,la,1,60,0.016666666666666666
la,beca,1,89,0.011235955056179775
beca,BEIFI,1,1,1.0
BEIFI,son,1,2,0.5
son,1400,1,9,0.1111111111111111
1400,mensuales,1,1,1.0
mensuales,por,1,1,1.0
por,5,1,20,0.05
5,"meses,",1,3,0.3333333333333333
"meses,",entonces,1,1,1.0
entonces,son,1,7,0.14285714285714285
son,7000,1,9,0.1111111111111111
7000,por,1,1,1.0
Y,la,1,5,0.2
la,BEIFI,1,89,0.011235955056179775
BEIFI,es,1,2,0.5
es,compatible,1,25,0.04
compatible,con,1,1,1.0
con,todas,1,23,0.043478260869565216
las,becas,1,40,0.025
becas,</s>,1,1,1.0
Claro,maestro,1,3,0.3333333333333333
maestro,Muchas,1,5,0.2
"Felicidades,",Ale.,1,3,0.3333333333333333
<s>,¿Que,1,488,0.0020491803278688526
¿Que,tal?,1,1,1.0
tal?,¿Como,1,1,1.0
<s>,Tranqui,1,488,0.0020491803278688526
Tranqui,por,1,1,1.0
por,acá.,1,20,0.05
<s>,Acabo,1,488,0.0020491803278688526
Acabo,de,1,1,1.0
de,regresar,1,74,0.013513513513513514
regresar,del,1,1,1.0
del,basket.,1,11,0.09090909090909091
basket.,</s>,1,1,1.0
<s>,¿Ya,1,488,0.0020491803278688526
¿Ya,llegaron?,1,1,1.0
llegaron?,</s>,1,1,1.0
<s>,Nada,1,488,0.0020491803278688526
Nada,más,1,1,1.0
más,estuvo,1,8,0.125
el,Gael,1,59,0.01694915254237288
Gael,y,1,1,1.0
el,de,1,59,0.01694915254237288
de,gorrita.,1,74,0.013513513513513514
gorrita.,</s>,1,1,1.0
"Hola,",familia.,1,7,0.14285714285714285
<s>,"Oigan,",1,488,0.0020491803278688526
"Oigan,",¿tenemos,1,1,1.0
¿tenemos,planes,1,1,1.0
planes,para,1,1,1.0
para,fin,1,28,0.03571428571428571
<s>,"Ahh,",1,488,0.0020491803278688526
"Ahh,","bueno,",1,1,1.0
"bueno,","entonces,",1,1,1.0
"entonces,","ma,",1,1,1.0
"ma,",¿hay,1,3,0.3333333333333333
¿hay,problema,1,1,1.0
problema,si,1,6,0.16666666666666666
si,me,1,15,0.06666666666666667
me,voy,1,19,0.05263157894736842
voy,con,1,11,0.09090909090909091
con,mi,1,23,0.043478260869565216
mi,papá,1,9,0.1111111111111111
papá,el,1,1,1.0
el,fin,1,59,0.01694915254237288
<s>,Eras,1,488,0.0020491803278688526
Eras,"darks,",1,1,1.0
"darks,",ma.,1,1,1.0
<s>,He,1,488,0.0020491803278688526
He,estado,1,1,1.0
estado,yendo,1,1,1.0
a,jugar,1,72,0.013888888888888888
jugar,basket,1,1,1.0
basket,y,1,1,1.0
y,trabajando,1,60,0.016666666666666666
el,"chatbot,",1,59,0.01694915254237288
"chatbot,",¿y,1,1,1.0
¿y,ustedes?,1,1,1.0
ustedes?,</s>,1,1,1.0
"Uy,",que,1,2,0.5
que,"chido,",1,97,0.010309278350515464
"chido,",espero,1,3,0.3333333333333333
espero,se,1,2,0.5
Gracias,por,1,6,0.16666666666666666
por,la,1,20,0.05
la,sorpresita.,1,89,0.011235955056179775
sorpresita.,</s>,1,1,1.0
Año,"Nuevo,",1,2,0.5
"Nuevo,",familia.,1,1,1.0
¿Como,han,1,5,0.2
han,estado?,1,3,0.3333333333333333
"bien,",pásenla,1,17,0.058823529411764705
pásenla,rico.,1,3,0.3333333333333333
rico.,</s>,1,1,1.0
<s>,¿Cuando,1,488,0.0020491803278688526
¿Cuando,regresan?,1,1,1.0
regresan?,</s>,1,1,1.0
Ya,"regresé,",1,54,0.018518518518518517
"regresé,",ma.,1,1,1.0
"Bien,",ma.,1,3,0.3333333333333333
<s>,Ahora,1,488,0.0020491803278688526
Ahora,si,1,1,1.0
si,no,1,15,0.06666666666666667
he,sentido,1,3,0.3333333333333333
sentido,nada.,1,1,1.0
nada.,</s>,1,1,1.0
¿Qué,"haces,",1,3,0.3333333333333333
"haces,",ma?,1,1,1.0
ma?,</s>,1,1,1.0
<s>,Igual.,1,488,0.0020491803278688526
Igual.,</s>,1,1,1.0
Ya,"llegue,",1,54,0.018518518518518517
"llegue,",voy,1,1,1.0
voy,camino,1,11,0.09090909090909091
camino,al,1,4,0.25
al,hotel.,1,14,0.07142857142857142
ando,aquí.,1,6,0.16666666666666666
aquí.,</s>,1,1,1.0
la,104.,1,89,0.011235955056179775
104.,</s>,1,1,1.0
el,camión.,1,59,0.01694915254237288
camión.,</s>,1,1,1.0
<s>,Salí,1,488,0.0020491803278688526
Salí,a,1,1,1.0
las,11.,1,40,0.025
11.,</s>,1,1,1.0
supone,que,1,2,0.5
que,llego,1,97,0.010309278350515464
llego,entre,1,4,0.25
entre,las,1,3,0.3333333333333333
las,4,1,40,0.025
4,y,1,1,1.0
y,5.,1,60,0.016666666666666666
5.,</s>,1,1,1.0
<s>,Google,1,488,0.0020491803278688526
Google,Maps,1,1,1.0
Maps,dice,1,1,1.0
dice,2,1,2,0.5
2,"horas,",1,4,0.25
"horas,",pero,1,1,1.0
que,va,1,97,0.010309278350515464
ser,"más,",1,3,0.3333333333333333
"más,",porque,1,1,1.0
porque,dice,1,6,0.16666666666666666
dice,qué,1,2,0.5
qué,hay,1,4,0.25
hay,tráfico.,1,4,0.25
tráfico.,</s>,1,1,1.0
"No,",estoy,1,15,0.06666666666666667
en,edoMex.,1,61,0.01639344262295082
edoMex.,</s>,1,1,1.0
Vamos,al,1,2,0.5
al,Chilis.,1,14,0.07142857142857142
Chilis.,</s>,1,1,1.0
estoy,a,1,18,0.05555555555555555
a,media,1,72,0.013888888888888888
media,hora.,1,1,1.0
hora.,</s>,1,1,1.0
Ya,llegue.,1,54,0.018518518518518517
llegue.,</s>,1,1,1.0
Estoy,yendo,1,5,0.2
la,avenida.,1,89,0.011235955056179775
avenida.,</s>,1,1,1.0
<s>,¿Donde,1,488,0.0020491803278688526
¿Donde,están?,1,1,1.0
Ya,"está,",1,54,0.018518518518518517
"está,",ma.,1,2,0.5
<s>,-,1,488,0.0020491803278688526
-,Certificado,1,1,1.0
Certificado,de,1,1,1.0
de,vacunación,1,74,0.013513513513513514
vacunación,</s>,1,1,1.0
<s>,"Saludos,",1,488,0.0020491803278688526
"Saludos,",ma.,1,1,1.0
Pásenla,bien.,1,5,0.2
Se,parece,1,5,0.2
parece,un,1,3,0.3333333333333333
buen,mi,1,3,0.3333333333333333
mi,hermano.,1,9,0.1111111111111111
la,universidad.,1,89,0.011235955056179775
universidad.,</s>,1,1,1.0
¿Como,se,1,5,0.2
la,fiesta,1,89,0.011235955056179775
fiesta,de,1,1,1.0
la,uni.,1,89,0.011235955056179775
uni.,</s>,1,1,1.0
a,salir,1,72,0.013888888888888888
salir,"tarde,",1,1,1.0
"tarde,",no,1,1,1.0
no,creo,1,25,0.04
que,esté,1,97,0.010309278350515464
esté,abierta,1,1,1.0
abierta,la,1,1,1.0
la,tienda.,1,89,0.011235955056179775
tienda.,</s>,1,1,1.0
ando,acá.,1,6,0.16666666666666666
<s>,Bájense.,1,488,0.0020491803278688526
Bájense.,</s>,1,1,1.0
"No,",vengase,1,15,0.06666666666666667
vengase,a,1,1,1.0
la,plaza.,1,89,0.011235955056179775
plaza.,</s>,1,1,1.0
<s>,"Ale,",1,488,0.0020491803278688526
"Ale,",¿tienes,1,4,0.25
¿tienes,el,1,1,1.0
el,link,1,59,0.01694915254237288
link,de,1,1,1.0
de,asistencia?,1,74,0.013513513513513514
asistencia?,</s>,1,1,1.0
"Si,",Ale.,1,5,0.2
<s>,Acabando,1,488,0.0020491803278688526
Acabando,de,1,1,1.0
de,llegar.,1,74,0.013513513513513514
llegar.,</s>,1,1,1.0
¿Qué,pasó?,1,3,0.3333333333333333
pasó?,</s>,1,1,1.0
"Felicidades,",mamá.,1,3,0.3333333333333333
mamá.,</s>,1,1,1.0
¿Qué,quieren?,1,3,0.3333333333333333
quieren?,</s>,1,1,1.0
<s>,¿Cuantas,1,488,0.0020491803278688526
¿Cuantas,alitas?,1,1,1.0
alitas?,</s>,1,1,1.0
Yo,con,1,6,0.16666666666666666
con,unas,1,23,0.043478260869565216
unas,5,1,1,1.0
5,estoy,1,3,0.3333333333333333
estoy,bien,1,18,0.05555555555555555
Ya,llego,1,54,0.018518518518518517
llego,la,1,4,0.25
la,"comida,",1,89,0.011235955056179775
"comida,",apúrenle.,1,1,1.0
apúrenle.,</s>,1,1,1.0
<s>,Denle,1,488,0.0020491803278688526
Denle,chavos.,1,1,1.0
chavos.,</s>,1,1,1.0
Se,va,1,5,0.2
a,enfriar,1,72,0.013888888888888888
enfriar,duro.,1,1,1.0
duro.,</s>,1,1,1.0
Que,</s>,1,20,0.05
Ya,andamos,1,54,0.018518518518518517
andamos,en,1,1,1.0
primera,parada.,1,2,0.5
parada.,</s>,1,1,1.0
"Igual,",mama.,1,2,0.5
mama.,</s>,1,1,1.0
<s>,🤟,1,488,0.0020491803278688526
🤟,</s>,1,1,1.0
Pero,creo,1,6,0.16666666666666666
ya,estamos,1,25,0.04
estamos,cerca.,1,7,0.14285714285714285
cerca.,</s>,1,1,1.0
"No,",le,1,15,0.06666666666666667
le,tocó,1,12,0.08333333333333333
tocó,al,1,2,0.5
al,lado.,1,14,0.07142857142857142
lado.,</s>,1,1,1.0
"Claro,",ma.,1,14,0.07142857142857142
<s>,"Ay,",1,488,0.0020491803278688526
"Ay,",ma.,1,1,1.0
No,dejas,1,3,0.3333333333333333
dejas,de,1,1,1.0
de,encontrar,1,74,0.013513513513513514
encontrar,"fotos,",1,2,0.5
"fotos,",jajaja.,1,1,1.0
<s>,"Yo,",1,488,0.0020491803278688526
"Yo,",ma.,1,1,1.0
<s>,😑,1,488,0.0020491803278688526
😑,</s>,1,1,1.0
<s>,🤙,1,488,0.0020491803278688526
🤙,</s>,1,1,1.0
Yo,llego,1,6,0.16666666666666666
llego,en,1,4,0.25
en,20.,1,61,0.01639344262295082
20.,</s>,1,1,1.0
"Ok,",ma.,1,8,0.125
supone,a,1,2,0.5
la,"1,",1,89,0.011235955056179775
"1,",pero,1,1,1.0
ya,veremos.,1,25,0.04
veremos.,</s>,1,1,1.0
<s>,Fuimos,1,488,0.0020491803278688526
Fuimos,al,1,1,1.0
al,Paisa.,1,14,0.07142857142857142
Paisa.,</s>,1,1,1.0
Ahorita,vamos,1,2,0.5
la,escuela,1,89,0.011235955056179775
escuela,a,1,1,1.0
a,hacerme,1,72,0.013888888888888888
hacerme,un,1,1,1.0
un,certificado,1,17,0.058823529411764705
certificado,médico.,1,1,1.0
<s>,Un,1,488,0.0020491803278688526
Un,poco,1,1,1.0
de,pastor.,1,74,0.013513513513513514
pastor.,</s>,1,1,1.0
Aquí,en,1,4,0.25
en,"Batiz,",1,61,0.01639344262295082
"Batiz,",ya,1,1,1.0
estoy,por,1,18,0.05555555555555555
por,terminar.,1,20,0.05
terminar.,</s>,1,1,1.0
estoy,dentro.,1,18,0.05555555555555555
dentro.,</s>,1,1,1.0
<s>,¿Quieres,1,488,0.0020491803278688526
¿Quieres,que,1,1,1.0
la,vea?,1,89,0.011235955056179775
vea?,</s>,1,1,1.0
"Jajaja,",puedes,1,15,0.06666666666666667
puedes,usar,1,2,0.5
usar,las,1,2,0.5
las,notas,1,40,0.025
notas,de,1,1,1.0
de,tu,1,74,0.013513513513513514
tu,celular.,1,1,1.0
celular.,</s>,1,1,1.0
Ya,sabes,1,54,0.018518518518518517
sabes,que,1,1,1.0
que,siempre,1,97,0.010309278350515464
siempre,tengo,1,1,1.0
tengo,"sueño,",1,11,0.09090909090909091
"sueño,",entonces,1,1,1.0
entonces,no,1,7,0.14285714285714285
hay,diferencia.,1,4,0.25
diferencia.,</s>,1,1,1.0
me,abastecí,1,19,0.05263157894736842
abastecí,"bien,",1,1,1.0
"bien,",eh.,1,17,0.058823529411764705
eh.,</s>,1,1,1.0
Con,600,1,3,0.3333333333333333
600,pesos,1,1,1.0
pesos,compré,1,1,1.0
compré,para,1,1,1.0
para,2,1,28,0.03571428571428571
2,semanas,1,4,0.25
semanas,yo,1,2,0.5
yo,digo.,1,8,0.125
digo.,</s>,1,1,1.0
Hay,cosas,1,3,0.3333333333333333
cosas,que,1,2,0.5
son,más,1,9,0.1111111111111111
más,baratas,1,8,0.125
baratas,que,1,1,1.0
que,en,1,97,0.010309278350515464
en,Mexico.,1,61,0.01639344262295082
Mexico.,</s>,1,1,1.0
<s>,"Mhmhm,",1,488,0.0020491803278688526
"Mhmhm,",con,1,1,1.0
con,30,1,23,0.043478260869565216
30,euracos.,1,1,1.0
euracos.,</s>,1,1,1.0
te,"amo,",1,7,0.14285714285714285
"amo,",ma.,1,1,1.0
<s>,Saludos.,1,488,0.0020491803278688526
Saludos.,</s>,1,1,1.0
Buena,noche.,1,3,0.3333333333333333
noche.,</s>,1,1,1.0
<s>,Espero,1,488,0.0020491803278688526
Espero,se,1,1,1.0
ya,llegue,1,25,0.04
a,Bucarest.,1,72,0.013888888888888888
Bucarest.,</s>,1,1,1.0
Pásenla,chido.,1,5,0.2
te,"amamos,",1,7,0.14285714285714285
"amamos,",Ale.,1,1,1.0
Pásenla,increíble.,1,5,0.2
pasando,chido.,1,4,0.25
que,"bien,",1,97,0.010309278350515464
<s>,Síganla,1,488,0.0020491803278688526
Síganla,pasando,1,1,1.0
<s>,Muchos,1,488,0.0020491803278688526
Muchos,abrazos,1,1,1.0
abrazos,y,1,1,1.0
y,besos.,1,60,0.016666666666666666
besos.,</s>,1,1,1.0
Me,encanta,1,5,0.2
encanta,que,1,1,1.0
<s>,Llego,1,488,0.0020491803278688526
Llego,mañana,1,1,1.0
mañana,como,1,6,0.16666666666666666
como,por,1,8,0.125
por,las,1,20,0.05
las,"10,",1,40,0.025
"10,",díganme,1,1,1.0
díganme,por,1,1,1.0
por,dónde,1,20,0.05
dónde,andan,1,1,1.0
andan,y,1,1,1.0
y,las,1,60,0.016666666666666666
las,veo,1,40,0.025
veo,por,1,2,0.5
por,ahí.,1,20,0.05
<s>,O,1,488,0.0020491803278688526
O,mejor,1,1,1.0
mejor,venganse,1,2,0.5
venganse,a,1,1,1.0
a,mi,1,72,0.013888888888888888
mi,"casa,",1,9,0.1111111111111111
"casa,",para,1,2,0.5
la,conozcan,1,89,0.011235955056179775
conozcan,y,1,1,1.0
y,puedo,1,60,0.016666666666666666
puedo,dejar,1,11,0.09090909090909091
dejar,mis,1,1,1.0
mis,cosas.,1,2,0.5
cosas.,</s>,1,1,1.0
<s>,Esta,1,488,0.0020491803278688526
Esta,es,1,1,1.0
es,la,1,25,0.04
la,dirección:,1,89,0.011235955056179775
dirección:,Calle,1,1,1.0
Calle,de,1,1,1.0
de,Rafael,1,74,0.013513513513513514
Rafael,Fernández,1,1,1.0
Fernández,Hijicos,1,1,1.0
Hijicos,25.,1,1,1.0
25.,</s>,1,1,1.0
<s>,Pueden,1,488,0.0020491803278688526
Pueden,tomar,1,1,1.0
tomar,la,1,2,0.5
la,línea,1,89,0.011235955056179775
línea,1,1,1,1.0
1,y,1,6,0.16666666666666666
y,bajarse,1,60,0.016666666666666666
bajarse,en,1,1,1.0
en,Miguel,1,61,0.01639344262295082
Miguel,Hernández.,1,1,1.0
Hernández.,</s>,1,1,1.0
"ok,",entonces,1,2,0.5
entonces,pásenla,1,7,0.14285714285714285
pásenla,"bien,",1,3,0.3333333333333333
"bien,",luego,1,17,0.058823529411764705
luego,nos,1,2,0.5
nos,vemos.,1,7,0.14285714285714285
vemos.,</s>,1,1,1.0
"Hola,",ma.,1,7,0.14285714285714285
Ando,en,1,2,0.5
un,barco.,1,17,0.058823529411764705
barco.,</s>,1,1,1.0
<s>,Más,1,488,0.0020491803278688526
Más,tarde,1,1,1.0
tarde,estoy,1,1,1.0
"Hola,",mamá,1,7,0.14285714285714285
mamá,y,1,3,0.3333333333333333
y,hermano.,1,60,0.016666666666666666
<s>,Acá,1,488,0.0020491803278688526
Acá,ando,1,1,1.0
ando,trabajando,1,6,0.16666666666666666
curso,de,1,2,0.5
de,Madrid.,1,74,0.013513513513513514
Madrid.,</s>,1,1,1.0
Ya,les,1,54,0.018518518518518517
les,cuento,1,6,0.16666666666666666
cuento,después.,1,1,1.0
después.,</s>,1,1,1.0
te,amamos,1,7,0.14285714285714285
amamos,"mucho,",1,1,1.0
"mucho,",Ale.,1,2,0.5
Que,es,1,20,0.05
es,"eso,",1,25,0.04
"eso,","Ale,",1,2,0.5
"Ale,",jajaja?,1,4,0.25
jajaja?,</s>,1,1,1.0
"bien,","ma,",1,17,0.058823529411764705
"ma,",disfruta.,1,3,0.3333333333333333
disfruta.,</s>,1,1,1.0
"Jajaja,",hijo,1,15,0.06666666666666667
hijo,de,1,1,1.0
la,verga.,1,89,0.011235955056179775
verga.,</s>,1,1,1.0
"Jajaja,","bien,",1,15,0.06666666666666667
"bien,","Ale,",1,17,0.058823529411764705
"Ale,",ahí,1,4,0.25
ahí,disfrutando.,1,1,1.0
disfrutando.,</s>,1,1,1.0
<s>,"Miren,",1,488,0.0020491803278688526
"Miren,",mejore,1,1,1.0
mejore,algunas,1,1,1.0
algunas,fotos,1,3,0.3333333333333333
fotos,con,1,4,0.25
con,"IA,",1,23,0.043478260869565216
"IA,",¿que,1,1,1.0
¿que,les,1,1,1.0
les,parece?,1,6,0.16666666666666666
Si,quieren,1,11,0.09090909090909091
quieren,puedo,1,1,1.0
puedo,mejorar,1,11,0.09090909090909091
mejorar,fotos,1,1,1.0
fotos,que,1,4,0.25
me,manden.,1,19,0.05263157894736842
manden.,</s>,1,1,1.0
Con,una,1,3,0.3333333333333333
una,aplicación,1,9,0.1111111111111111
aplicación,que,1,1,1.0
llama,Remini.,1,2,0.5
Remini.,</s>,1,1,1.0
También,crea,1,5,0.2
crea,nuevas,1,1,1.0
nuevas,fotos,1,1,1.0
fotos,a,1,4,0.25
a,partir,1,72,0.013888888888888888
partir,de,1,1,1.0
las,que,1,40,0.025
ya,se,1,25,0.04
se,tengan.,1,31,0.03225806451612903
tengan.,</s>,1,1,1.0
<s>,Mejora,1,488,0.0020491803278688526
Mejora,un,1,1,1.0
un,poquito.,1,17,0.058823529411764705
poquito.,</s>,1,1,1.0
La,pase,1,2,0.5
pase,otra,1,1,1.0
otra,vez.,1,1,1.0
vez.,</s>,1,1,1.0
Dale,con,1,2,0.5
con,todo.,1,23,0.043478260869565216
todo.,</s>,1,1,1.0
"Jajaja,",la,1,15,0.06666666666666667
la,Ale.,1,89,0.011235955056179775
<s>,"Ahhh,",1,488,0.0020491803278688526
"Ahhh,",pos,1,1,1.0
pos,toy,1,1,1.0
toy,cansado.,1,1,1.0
cansado.,</s>,1,1,1.0
"Jajaja,",acabo,1,15,0.06666666666666667
acabo,de,1,1,1.0
de,ver,1,74,0.013513513513513514
ver,pasar,1,6,0.16666666666666666
pasar,a,1,3,0.3333333333333333
a,Wendy,1,72,0.013888888888888888
Wendy,Guevara,1,1,1.0
Guevara,enfrente,1,1,1.0
enfrente,de,1,1,1.0
de,mi.,1,74,0.013513513513513514
mi.,</s>,1,1,1.0
no,maches.,1,25,0.04
maches.,</s>,1,1,1.0
<s>,Estaría,1,488,0.0020491803278688526
Estaría,raro.,1,1,1.0
raro.,</s>,1,1,1.0
"No,",es,1,15,0.06666666666666667
es,"bajita,",1,25,0.04
"bajita,",yo,1,1,1.0
que,mide,1,97,0.010309278350515464
mide,1.65.,1,1,1.0
1.65.,</s>,1,1,1.0
<s>,Unas,1,488,0.0020491803278688526
Unas,"locales,",1,1,1.0
"locales,",de,1,1,1.0
de,llaman,1,74,0.013513513513513514
llaman,HM,1,1,1.0
HM,</s>,1,2,0.5
"Jajaja,",no,1,15,0.06666666666666667
no,"se,",1,25,0.04
"se,",solo,1,1,1.0
solo,decían,1,5,0.2
decían,HM,1,1,1.0
HM,Hamburguesas.,1,2,0.5
Hamburguesas.,</s>,1,1,1.0
<s>,Sigan,1,488,0.0020491803278688526
Sigan,divirtiéndose.,1,1,1.0
divirtiéndose.,</s>,1,1,1.0
<s>,Pásala,1,488,0.0020491803278688526
Pásala,bien.,1,1,1.0
"Bien,",Ale.,1,3,0.3333333333333333
la,feria,1,89,0.011235955056179775
feria,de,1,1,1.0
de,Cali.,1,74,0.013513513513513514
Cali.,</s>,1,1,1.0
Hoy,es,1,2,0.5
es,"salsodromo,",1,25,0.04
"salsodromo,",entonces,1,1,1.0
entonces,nos,1,7,0.14285714285714285
nos,están,1,7,0.14285714285714285
están,dando,1,7,0.14285714285714285
dando,una,1,1,1.0
una,clase,1,9,0.1111111111111111
clase,de,1,1,1.0
de,salsa,1,74,0.013513513513513514
salsa,caleña.,1,1,1.0
caleña.,</s>,1,1,1.0
"Jajaja,","si,",1,15,0.06666666666666667
"si,","Ale,",1,2,0.5
"Ale,",no,1,4,0.25
te,preocupes.,1,7,0.14285714285714285
preocupes.,</s>,1,1,1.0
"Ok,","ma,",1,8,0.125
"ma,",que,1,3,0.3333333333333333
todo,salga,1,6,0.16666666666666666
salga,bien.,1,1,1.0
<s>,Ay,1,488,0.0020491803278688526
Ay,"si,",1,1,1.0
"si,",ay,1,2,0.5
ay,si.,1,2,0.5
si.,</s>,1,1,1.0
Si,yo,1,11,0.09090909090909091
yo,ni,1,8,0.125
ni,tomo.,1,1,1.0
tomo.,</s>,1,1,1.0
Te,amo,1,4,0.25
amo,"mucho,",1,1,1.0
"mucho,",ma.,1,2,0.5
<s>,Tengan,1,488,0.0020491803278688526
Tengan,un,1,1,1.0
un,excelente,1,17,0.058823529411764705
excelente,viaje.,1,1,1.0
viaje.,</s>,1,1,1.0
<s>,Parece,1,488,0.0020491803278688526
Parece,Pokémon,1,1,1.0
Pokémon,</s>,1,1,1.0
"Jajaja,",muy,1,15,0.06666666666666667
"Jajaja,",Que,1,15,0.06666666666666667
Que,"Rico,",1,20,0.05
"Rico,",del,1,1,1.0
del,mismo,1,11,0.09090909090909091
mismo,lugar,1,3,0.3333333333333333
lugar,de,1,1,1.0
de,DELFIN?,1,74,0.013513513513513514
DELFIN?,</s>,1,1,1.0
<s>,"Uff,",1,488,0.0020491803278688526
"Uff,",Que,1,1,1.0
bien,Que,1,23,0.043478260869565216
Que,todo,1,20,0.05
todo,salió,1,6,0.16666666666666666
salió,bien.,1,1,1.0
No,creo,1,3,0.3333333333333333
creo,ver,1,13,0.07692307692307693
ver,"Godzilla,",1,6,0.16666666666666666
"Godzilla,",jajaja.,1,1,1.0
están,pasando?,1,7,0.14285714285714285
pasando?,</s>,1,1,1.0
<s>,Cuando,1,488,0.0020491803278688526
Cuando,regresan,1,1,1.0
regresan,a,1,1,1.0
la,CDMX?,1,89,0.011235955056179775
CDMX?,</s>,1,1,1.0
"Va,",pues,1,2,0.5
pues,disfruten,1,2,0.5
disfruten,y,1,1,1.0
y,pásenla,1,60,0.016666666666666666
pásenla,muy,1,3,0.3333333333333333
Yo,hoy,1,6,0.16666666666666666
hoy,llego,1,1,1.0
llego,a,1,4,0.25
las,11pm,1,40,0.025
11pm,a,1,1,1.0
a,"CDMX,",1,72,0.013888888888888888
"CDMX,",vamos,1,1,1.0
vamos,directo,1,5,0.2
directo,al,1,1,1.0
al,airbnb.,1,14,0.07142857142857142
airbnb.,</s>,1,1,1.0
"bien,",disfruten.,1,17,0.058823529411764705
disfruten.,</s>,1,1,1.0
Ya,aterrizamos.,1,54,0.018518518518518517
aterrizamos.,</s>,1,1,1.0
el,depto.,1,59,0.01694915254237288
depto.,</s>,1,1,1.0
la,barbaca.,1,89,0.011235955056179775
barbaca.,</s>,1,1,1.0
estamos,</s>,1,7,0.14285714285714285
"Ma,",como,1,2,0.5
como,le,1,8,0.125
le,fue,1,12,0.08333333333333333
fue,a,1,1,1.0
a,Ale?,1,72,0.013888888888888888
Ale?,</s>,1,1,1.0
"Felicidades,",mi,1,3,0.3333333333333333
mi,Doc!,1,9,0.1111111111111111
Doc!,🎉🎉,1,1,1.0
🎉🎉,</s>,1,1,1.0
esta,bien,1,6,0.16666666666666666
bien,bonito,1,23,0.043478260869565216
bonito,</s>,1,1,1.0
"Jajaja,",hasta,1,15,0.06666666666666667
hasta,ya,1,4,0.25
ya,pones,1,25,0.04
pones,el,1,1,1.0
el,hahaha,1,59,0.01694915254237288
hahaha,americano,1,1,1.0
americano,</s>,1,1,1.0
"No,",eso,1,15,0.06666666666666667
ya,"está,",1,25,0.04
"está,",Ale.,1,2,0.5
lo,intentamos,1,31,0.03225806451612903
intentamos,varias,1,1,1.0
varias,veces,1,2,0.5
veces,</s>,1,1,1.0
"Jajaja,",a,1,15,0.06666666666666667
la,"verga,",1,89,0.011235955056179775
"verga,",que,1,1,1.0
que,mala,1,97,0.010309278350515464
mala,onda,1,1,1.0
onda,</s>,1,3,0.3333333333333333
Igual,a,1,3,0.3333333333333333
a,</s>,1,72,0.013888888888888888
<s>,mi,1,488,0.0020491803278688526
mi,mamá,1,9,0.1111111111111111
<s>,Saludillos,1,488,0.0020491803278688526
Saludillos,</s>,1,1,1.0
en,"camino,",1,61,0.01639344262295082
"camino,",llegamos,1,1,1.0
llegamos,a,1,2,0.5
las,9,1,40,0.025
9,</s>,1,1,1.0
<s>,Eje,1,488,0.0020491803278688526
Eje,central,1,1,1.0
central,Lázaro,1,1,1.0
Lázaro,Cardenas,1,1,1.0
Cardenas,1040,1,1,1.0
1040,</s>,1,1,1.0
<s>,6:30,1,488,0.0020491803278688526
6:30,</s>,1,1,1.0
Ya,llegamos,1,54,0.018518518518518517
llegamos,</s>,1,2,0.5
<s>,"Que,",1,488,0.0020491803278688526
"Que,",como,1,1,1.0
como,se,1,8,0.125
a,parecer,1,72,0.013888888888888888
parecer,a,1,2,0.5
a,ti?,1,72,0.013888888888888888
ti?,</s>,1,1,1.0
<s>,Ese,1,488,0.0020491803278688526
Ese,es,1,1,1.0
es,chino,1,25,0.04
chino,y,1,1,1.0
y,deforme,1,60,0.016666666666666666
deforme,</s>,1,1,1.0
Yo,unos,1,6,0.16666666666666666
unos,"nerds,",1,1,1.0
"nerds,",por,1,1,1.0
por,"fa,",1,20,0.05
"fa,",Ale,1,1,1.0
<s>,Los,1,488,0.0020491803278688526
Los,chochitos,1,1,1.0
chochitos,son,1,1,1.0
los,chidos,1,24,0.041666666666666664
chidos,</s>,1,1,1.0
Muy,"chido,",1,7,0.14285714285714285
"chido,",Ale.,1,3,0.3333333333333333
que,pudiste,1,97,0.010309278350515464
pudiste,vivir,1,1,1.0
vivir,</s>,1,1,1.0
<s>,eso,1,488,0.0020491803278688526
Ya,entre,1,54,0.018518518518518517
entre,sin,1,3,0.3333333333333333
Yo,creo,1,6,0.16666666666666666
que,despego,1,97,0.010309278350515464
despego,en,1,1,1.0
en,10,1,61,0.01639344262295082
10,</s>,1,4,0.25
Ya,vamos,1,54,0.018518518518518517
la,pista,1,89,0.011235955056179775
pista,</s>,1,1,1.0
Voy,camino,1,3,0.3333333333333333
a,migración,1,72,0.013888888888888888
migración,</s>,1,1,1.0
Hay,</s>,1,3,0.3333333333333333
<s>,poca,1,488,0.0020491803278688526
poca,</s>,1,1,1.0
para,afuera,1,28,0.03571428571428571
afuera,</s>,1,1,1.0
Ya,aborde,1,54,0.018518518518518517
aborde,el,1,1,1.0
puerta,1,1,2,0.5
1,</s>,1,6,0.16666666666666666
en,"casa,",1,61,0.01639344262295082
"casa,",</s>,1,2,0.5
esta,chistoso,1,6,0.16666666666666666
chistoso,ese,1,1,1.0
ese,bebé,1,2,0.5
bebé,</s>,1,1,1.0
a,despegar,1,72,0.013888888888888888
"Gracias,",ya,1,5,0.2
en,parís,1,61,0.01639344262295082
parís,</s>,1,1,1.0
estoy,con,1,18,0.05555555555555555
con,Vanni.,1,23,0.043478260869565216
Vanni.,</s>,1,1,1.0
<s>,Estamos,1,488,0.0020491803278688526
Estamos,camino,1,1,1.0
su,casa,1,17,0.058823529411764705
Pásenla,muy,1,5,0.2
Estoy,a,1,5,0.2
a,dos,1,72,0.013888888888888888
dos,horas,1,2,0.5
horas,de,1,1,1.0
de,despegar,1,74,0.013513513513513514
estoy,camino,1,18,0.05555555555555555
camino,"allá,",1,4,0.25
"allá,",tienen,1,1,1.0
tienen,internet,1,3,0.3333333333333333
internet,para,1,1,1.0
para,mensajes,1,28,0.03571428571428571
mensajes,gratis,1,1,1.0
gratis,</s>,1,1,1.0
en,"KLM,",1,61,0.01639344262295082
"KLM,",es,1,1,1.0
es,bueno,1,25,0.04
bueno,ehh.,1,2,0.5
ehh.,</s>,1,1,1.0
Te,dan,1,4,0.25
dan,botellita,1,1,1.0
botellita,de,1,1,1.0
de,agua,1,74,0.013513513513513514
agua,y,1,1,1.0
y,una,1,60,0.016666666666666666
una,toallitas,1,9,0.1111111111111111
toallitas,húmeda,1,1,1.0
húmeda,al,1,1,1.0
al,principio.,1,14,0.07142857142857142
principio.,</s>,1,1,1.0
Y,tienen,1,5,0.2
tienen,un,1,3,0.3333333333333333
buen,de,1,3,0.3333333333333333
de,películas,1,74,0.013513513513513514
películas,buenas.,1,1,1.0
buenas.,</s>,1,1,1.0
El,espacio,1,2,0.5
espacio,creo,1,2,0.5
que,está,1,97,0.010309278350515464
"Ma,",aterrizo,1,2,0.5
aterrizo,en,1,1,1.0
en,23,1,61,0.01639344262295082
23,min,1,1,1.0
min,</s>,1,1,1.0
<s>,Cuanto,1,488,0.0020491803278688526
Cuanto,te,1,1,1.0
te,haces?,1,7,0.14285714285714285
haces?,</s>,1,1,1.0
Entonces,cuando,1,5,0.2
cuando,</s>,1,4,0.25
<s>,aterricé,1,488,0.0020491803278688526
<s>,Listooo,1,488,0.0020491803278688526
Listooo,Saque,1,1,1.0
Saque,10,1,1,1.0
el,TT,1,59,0.01694915254237288
TT,</s>,1,2,0.5
Gracias,Ale,1,6,0.16666666666666666
Ando,viendo,1,2,0.5
viendo,pero,1,1,1.0
pero,todavía,1,13,0.07692307692307693
todavía,no,1,1,1.0
se,hace,1,31,0.03225806451612903
hace,nada,1,5,0.2
nada,</s>,1,2,0.5
"Va,",ma,1,2,0.5
ma,En,1,10,0.1
En,cuanto,1,5,0.2
cuanto,llegues,1,1,1.0
llegues,a,1,1,1.0
casa,nos,1,3,0.3333333333333333
nos,vamos,1,7,0.14285714285714285
vamos,al,1,5,0.2
al,Chili’s,1,14,0.07142857142857142
Chili’s,</s>,1,1,1.0
Ale,Pásenla,1,10,0.1
Pásenla,chido,1,5,0.2
<s>,Pasala,1,488,0.0020491803278688526
Pasala,muy,1,1,1.0
Jajaja,muy,1,4,0.25
Jajaja,ay,1,4,0.25
ay,ma,1,2,0.5
<s>,yo,1,488,0.0020491803278688526
yo,les,1,8,0.125
les,recomendaría,1,6,0.16666666666666666
recomendaría,ver,1,1,1.0
en,booking,1,61,0.01639344262295082
booking,y,1,1,1.0
y,comparar,1,60,0.016666666666666666
comparar,los,1,2,0.5
los,precios,1,24,0.041666666666666664
precios,en,1,1,1.0
las,paginas,1,40,0.025
paginas,de,1,1,1.0
las,compañías,1,40,0.025
compañías,</s>,1,1,1.0
<s>,Quien,1,488,0.0020491803278688526
Quien,es,1,1,1.0
es,</s>,1,25,0.04
<s>,Ohhh,1,488,0.0020491803278688526
Ohhh,disfruta,1,1,1.0
disfruta,mucho,1,1,1.0
mucho,</s>,1,4,0.25
Ale,Disfruta,1,10,0.1
Disfruta,</s>,1,1,1.0
Me,voy,1,5,0.2
voy,hasta,1,11,0.09090909090909091
1,al,1,6,0.16666666666666666
al,ato,1,14,0.07142857142857142
ato,</s>,1,1,1.0
"No,",ando,1,15,0.06666666666666667
ando,la,1,6,0.16666666666666666
la,copa,1,89,0.011235955056179775
copa,America,1,1,1.0
America,</s>,1,1,1.0
Gracias,ma,1,6,0.16666666666666666
<s>,Bien,1,488,0.0020491803278688526
Bien,ando,1,1,1.0
en,Turquía,1,61,0.01639344262295082
Turquía,</s>,1,1,1.0
a,Berlín,1,72,0.013888888888888888
Berlín,</s>,1,1,1.0
Jajaja,así,1,4,0.25
así,le,1,2,0.5
le,hace,1,12,0.08333333333333333
la,mamá,1,89,0.011235955056179775
<s>,Seeeeh,1,488,0.0020491803278688526
Seeeeh,🤨😅,1,1,1.0
🤨😅,</s>,1,1,1.0
Uff,que,1,2,0.5
ma,Me,1,10,0.1
Me,da,1,5,0.2
da,gusto,1,2,0.5
gusto,Como,1,1,1.0
Como,estuvo,1,9,0.1111111111111111
el,vuelo?,1,59,0.01694915254237288
vuelo?,</s>,1,1,1.0
ma,Ya,1,10,0.1
su,airbnb?,1,17,0.058823529411764705
airbnb?,</s>,1,1,1.0
<s>,Pudieron,1,488,0.0020491803278688526
Pudieron,comprar,1,1,1.0
comprar,la,1,1,1.0
la,sim,1,89,0.011235955056179775
sim,card?,1,1,1.0
card?,</s>,1,1,1.0
Ok,ma,1,5,0.2
ma,Descansen,1,10,0.1
Descansen,y,1,1,1.0
y,duerman,1,60,0.016666666666666666
duerman,mucho,1,1,1.0
mucho,Disfruten,1,4,0.25
Disfruten,mucho,1,1,1.0
mucho,de,1,4,0.25
su,viaje,1,17,0.058823529411764705
Uff,Que,1,2,0.5
"bien,",se,1,17,0.058823529411764705
ve,que,1,2,0.5
están,pasando,1,7,0.14285714285714285
pasando,bien,1,4,0.25
bien,Como,1,23,0.043478260869565216
Como,están?,1,9,0.1111111111111111
<s>,Ohh,1,488,0.0020491803278688526
Ohh,mira,1,1,1.0
mira,se,1,1,1.0
ve,chido,1,2,0.5
chido,Como,1,4,0.25
Jajaja,que,1,4,0.25
bien,ya,1,23,0.043478260869565216
ya,me,1,25,0.04
me,contarán,1,19,0.05263157894736842
contarán,que,1,1,1.0
que,les,1,97,0.010309278350515464
les,paso,1,6,0.16666666666666666
paso,</s>,1,1,1.0
<s>,"Fam,",1,488,0.0020491803278688526
"Fam,",el,1,1,1.0
el,miércoles,1,59,0.01694915254237288
miércoles,que,1,1,1.0
que,"lleguen,",1,97,0.010309278350515464
"lleguen,",nos,1,1,1.0
nos,podemos,1,7,0.14285714285714285
podemos,quedar,1,2,0.5
quedar,Vanni,1,1,1.0
Vanni,y,1,1,1.0
yo,en,1,8,0.125
su,Airbnb?,1,17,0.058823529411764705
Airbnb?,</s>,1,1,1.0
Pero,podemos,1,6,0.16666666666666666
podemos,dormir,1,2,0.5
dormir,en,1,1,1.0
en,"esa,",1,61,0.01639344262295082
"esa,",habría,1,1,1.0
habría,problema?,1,1,1.0
problema?,</s>,1,1,1.0
<s>,Vale,1,488,0.0020491803278688526
Vale,gracias,1,1,1.0
<s>,Mándenme,1,488,0.0020491803278688526
Mándenme,su,1,1,1.0
su,itinerario,1,17,0.058823529411764705
itinerario,de,1,1,1.0
de,vuelo,1,74,0.013513513513513514
vuelo,</s>,1,5,0.2
Ale,Aquí,1,10,0.1
Aquí,los,1,4,0.25
los,esperamos,1,24,0.041666666666666664
esperamos,Muy,1,1,1.0
Muy,buenas,1,7,0.14285714285714285
buenas,fotos,1,2,0.5
fotos,</s>,1,4,0.25
Ok,Ale,1,5,0.2
Ale,sin,1,10,0.1
Que,tengan,1,20,0.05
tengan,buen,1,1,1.0
buen,viaje,1,3,0.3333333333333333
Como,van?,1,9,0.1111111111111111
puerta,para,1,2,0.5
para,ir,1,28,0.03571428571428571
a,"Estambul,",1,72,0.013888888888888888
"Estambul,",</s>,1,1,1.0
<s>,puede,1,488,0.0020491803278688526
puede,que,1,7,0.14285714285714285
que,pierda,1,97,0.010309278350515464
pierda,el,1,1,1.0
Mexico,porque,1,3,0.3333333333333333
porque,se,1,6,0.16666666666666666
se,atraso,1,31,0.03225806451612903
atraso,el,1,1,1.0
y,sólo,1,60,0.016666666666666666
sólo,tengo,1,6,0.16666666666666666
tengo,1:30,1,11,0.09090909090909091
1:30,de,1,1,1.0
de,espacio,1,74,0.013513513513513514
espacio,entre,1,2,0.5
entre,un,1,3,0.3333333333333333
un,vuelo,1,17,0.058823529411764705
otro,</s>,1,4,0.25
<s>,Pues,1,488,0.0020491803278688526
Pues,esperar,1,1,1.0
me,pongan,1,19,0.05263157894736842
pongan,en,1,1,1.0
siguiente,vuelo,1,2,0.5
Mexico,o,1,3,0.3333333333333333
o,ya,1,6,0.16666666666666666
ya,veré,1,25,0.04
veré,qué,1,1,1.0
qué,hacer,1,4,0.25
hacer,</s>,1,8,0.125
Si,ma,1,11,0.09090909090909091
ma,no,1,10,0.1
te,preocupes,1,7,0.14285714285714285
preocupes,Gracias,1,1,1.0
Gracias,</s>,1,6,0.16666666666666666
Mexico,Tuve,1,3,0.3333333333333333
Tuve,que,1,1,1.0
que,correrle,1,97,0.010309278350515464
correrle,bien,1,1,1.0
bien,fuerte,1,23,0.043478260869565216
fuerte,pa,1,1,1.0
pa,llegar,1,1,1.0
llegar,al,1,1,1.0
al,avión,1,14,0.07142857142857142
avión,quede,1,3,0.3333333333333333
quede,todo,1,1,1.0
todo,sudado,1,6,0.16666666666666666
sudado,</s>,1,1,1.0
Ale,Te,1,10,0.1
Te,ves,1,4,0.25
ves,muy,1,1,1.0
muy,chido,1,8,0.125
<s>,Mi,1,488,0.0020491803278688526
Mi,ma,1,1,1.0
ma,está,1,10,0.1
está,fuera,1,6,0.16666666666666666
fuera,</s>,1,2,0.5
<s>,Están,1,488,0.0020491803278688526
Están,buenas,1,1,1.0
buenas,jajaja,1,2,0.5
jajaja,</s>,1,2,0.5
