Term 1,Term 2,Term 3,frequency of trigram,frequency of context (bigram Term1 + Term2),probability of trigram
</s>,<s>,Ya,52,487,0.10677618069815195
maestro.,</s>,<s>,37,37,1.0
ma.,</s>,<s>,22,22,1.0
</s>,<s>,Que,16,487,0.03285420944558522
</s>,<s>,"No,",15,487,0.030800821355236138
</s>,<s>,"Jajaja,",15,487,0.030800821355236138
</s>,<s>,"Claro,",14,487,0.028747433264887063
</s>,<s>,Buenas,13,487,0.026694045174537988
</s>,<s>,Si,11,487,0.022587268993839837
</s>,<s>,Buenos,11,487,0.022587268993839837
<s>,Buenos,"días,",10,11,0.9090909090909091
<s>,Buenas,"tardes,",9,13,0.6923076923076923
Buenas,"tardes,",maestro.,9,9,1.0
"tardes,",maestro.,</s>,9,9,1.0
bien.,</s>,<s>,9,9,1.0
</s>,<s>,"Ok,",8,487,0.01642710472279261
Ale.,</s>,<s>,8,8,1.0
<s>,Ya,estoy,8,52,0.15384615384615385
"bien,",ma.,</s>,8,8,1.0
</s>,<s>,"Hola,",7,487,0.014373716632443531
</s>,<s>,"Vale,",7,487,0.014373716632443531
<s>,"Claro,",maestro.,7,14,0.5
"Claro,",maestro.,</s>,7,7,1.0
<s>,Que,"bien,",7,16,0.4375
</s>,<s>,Yo,6,487,0.012320328542094456
profesor.,</s>,<s>,6,6,1.0
</s>,<s>,Como,6,487,0.012320328542094456
Buenos,"días,",maestro.,6,10,0.6
"días,",maestro.,</s>,6,6,1.0
bien,</s>,<s>,6,6,1.0
</s>,<s>,Muy,6,487,0.012320328542094456
</s>,<s>,Gracias,5,487,0.01026694045174538
</s>,<s>,Va,5,487,0.01026694045174538
</s>,<s>,Entonces,5,487,0.01026694045174538
</s>,<s>,Ok,5,487,0.01026694045174538
</s>,<s>,"Si,",5,487,0.01026694045174538
</s>,<s>,Se,5,487,0.01026694045174538
</s>,<s>,"Gracias,",5,487,0.01026694045174538
</s>,<s>,También,5,487,0.01026694045174538
</s>,<s>,Estoy,5,487,0.01026694045174538
Que,"bien,",ma.,5,8,0.625
Ale,</s>,<s>,5,5,1.0
en,la,carpeta,4,16,0.25
</s>,<s>,En,4,487,0.008213552361396304
</s>,<s>,Pero,4,487,0.008213552361396304
</s>,<s>,Y,4,487,0.008213552361396304
</s>,<s>,Me,4,487,0.008213552361396304
muchas,gracias.,</s>,4,4,1.0
gracias.,</s>,<s>,4,4,1.0
<s>,Como,ha,4,6,0.6666666666666666
Como,ha,estado?,4,4,1.0
estado?,</s>,<s>,4,4,1.0
</s>,<s>,"Listo,",4,487,0.008213552361396304
van?,</s>,<s>,4,4,1.0
</s>,<s>,¿Como,4,487,0.008213552361396304
Ya,estoy,en,4,8,0.5
estoy,en,el,4,7,0.5714285714285714
</s>,<s>,Pásenla,4,487,0.008213552361396304
<s>,Ya,voy,4,52,0.07692307692307693
<s>,Ya,estamos,4,52,0.07692307692307693
<s>,Que,bien,4,16,0.25
ma,</s>,<s>,4,4,1.0
</s>,<s>,Jajaja,4,487,0.008213552361396304
<s>,Ya,me,3,52,0.057692307692307696
</s>,<s>,Te,3,487,0.006160164271047228
</s>,<s>,Lo,3,487,0.006160164271047228
</s>,<s>,Es,3,487,0.006160164271047228
</s>,<s>,Ah,3,487,0.006160164271047228
Emily,</s>,<s>,3,3,1.0
</s>,<s>,Quedo,3,487,0.006160164271047228
</s>,<s>,Con,3,487,0.006160164271047228
</s>,<s>,No,3,487,0.006160164271047228
</s>,<s>,Aquí,3,487,0.006160164271047228
<s>,"Ok,","profesor,",3,8,0.375
"Ok,","profesor,",muchas,3,3,1.0
"profesor,",muchas,gracias.,3,3,1.0
Buenos,"días,",profesor.,3,10,0.3
"días,",profesor.,</s>,3,3,1.0
ha,estado?,</s>,3,4,0.75
</s>,<s>,"Disculpe,",3,487,0.006160164271047228
a,las,10?,3,9,0.3333333333333333
las,10?,</s>,3,3,1.0
10?,</s>,<s>,3,3,1.0
su,cubículo?,</s>,3,3,1.0
cubículo?,</s>,<s>,3,3,1.0
profe.,</s>,<s>,3,3,1.0
<s>,Ya,le,3,52,0.057692307692307696
Ya,le,subí,3,3,1.0
atento,a,sus,3,3,1.0
pero,creo,que,3,3,1.0
</s>,<s>,"Oh,",3,487,0.006160164271047228
<s>,"Listo,",maestro.,3,4,0.75
"Listo,",maestro.,</s>,3,3,1.0
</s>,<s>,Igual,3,487,0.006160164271047228
<s>,Buenas,"noches,",3,13,0.23076923076923078
Buenas,"noches,",maestro.,3,3,1.0
"noches,",maestro.,</s>,3,3,1.0
</s>,<s>,"Bien,",3,487,0.006160164271047228
gracias,</s>,<s>,3,3,1.0
semestre,</s>,<s>,3,3,1.0
</s>,<s>,"Felicidades,",3,487,0.006160164271047228
¿Como,van?,</s>,3,3,1.0
</s>,<s>,¿Qué,3,487,0.006160164271047228
hotel.,</s>,<s>,3,3,1.0
<s>,Ya,ando,3,52,0.057692307692307696
<s>,Estoy,en,3,5,0.6
</s>,<s>,Voy,3,487,0.006160164271047228
<s>,También,te,3,5,0.6
increíble.,</s>,<s>,3,3,1.0
<s>,Muy,"bien,",3,6,0.5
Ya,estamos,en,3,4,0.75
</s>,<s>,Ale,3,487,0.006160164271047228
aterricé,</s>,<s>,3,3,1.0
<s>,Está,en,2,3,0.6666666666666666
la,carpeta,de,2,4,0.5
que,el,profe,2,3,0.6666666666666666
puso,en,la,2,3,0.6666666666666666
</s>,<s>,Dale,2,487,0.004106776180698152
onda,equipo?,</s>,2,2,1.0
equipo?,</s>,<s>,2,2,1.0
y,el,otro,2,6,0.3333333333333333
corrimos,a,la,2,2,1.0
a,la,misma,2,14,0.14285714285714285
la,misma,hora,2,3,0.6666666666666666
</s>,<s>,Oh,2,487,0.004106776180698152
</s>,<s>,Le,2,487,0.004106776180698152
ahorita,</s>,<s>,2,2,1.0
puse,en,la,2,2,1.0
<s>,Gracias,Emily,2,5,0.4
Rolón,</s>,<s>,2,2,1.0
</s>,<s>,Según,2,487,0.004106776180698152
es,que,se,2,4,0.5
que,se,genere,2,10,0.2
no?,</s>,<s>,2,2,1.0
lo,que,entiendo,2,8,0.25
que,entiendo,es,2,2,1.0
va,a,ser,2,6,0.3333333333333333
gracias,Rolon,</s>,2,2,1.0
Rolon,</s>,<s>,2,2,1.0
</s>,<s>,Saludos,2,487,0.004106776180698152
<s>,Saludos,</s>,2,2,1.0
Saludos,</s>,<s>,2,2,1.0
que,me,mando,2,9,0.2222222222222222
me,mando,el,2,2,1.0
las,mismas,noticias,2,3,0.6666666666666666
</s>,<s>,Oigan,2,487,0.004106776180698152
<s>,Oigan,y,2,2,1.0
gracias,Emily,</s>,2,2,1.0
<s>,Va,muchas,2,5,0.4
Va,muchas,gracias,2,2,1.0
</s>,<s>,#,2,487,0.004106776180698152
</s>,<s>,Creo,2,487,0.004106776180698152
<s>,Creo,que,2,2,1.0
</s>,<s>,Vamos,2,487,0.004106776180698152
se,va,a,2,2,1.0
</s>,<s>,Porque,2,487,0.004106776180698152
para,que,sea,2,4,0.5
</s>,<s>,Cómo,2,487,0.004106776180698152
<s>,Cómo,está?,2,2,1.0
Cómo,está?,</s>,2,2,1.0
está?,</s>,<s>,2,2,1.0
<s>,Aquí,estamos,2,3,0.6666666666666666
usted?,</s>,<s>,2,2,1.0
<s>,En,su,2,4,0.5
<s>,Ok,</s>,2,5,0.4
Ok,</s>,<s>,2,2,1.0
</s>,<s>,Está,2,487,0.004106776180698152
en,su,cubículo?,2,7,0.2857142857142857
subí,la,presentación,2,3,0.6666666666666666
parece?,</s>,<s>,2,2,1.0
le,subí,la,2,3,0.6666666666666666
a,sus,comentarios.,2,3,0.6666666666666666
sus,comentarios.,</s>,2,2,1.0
comentarios.,</s>,<s>,2,2,1.0
<s>,Va,a,2,5,0.4
atento.,</s>,<s>,2,2,1.0
la,presentación,y,2,5,0.4
<s>,Quedo,atento,2,3,0.6666666666666666
Quedo,atento,a,2,2,1.0
<s>,"Ok,",maestro.,2,8,0.25
"Ok,",maestro.,</s>,2,2,1.0
<s>,"Hola,",maestro.,2,7,0.2857142857142857
"Hola,",maestro.,</s>,2,2,1.0
<s>,Ya,están,2,52,0.038461538461538464
modificaciones.,</s>,<s>,2,2,1.0
<s>,"No,",no,2,15,0.13333333333333333
</s>,<s>,Buena,2,487,0.004106776180698152
a,estar,en,2,2,1.0
en,su,cubículo,2,7,0.2857142857142857
<s>,"Oh,","ok,",2,3,0.6666666666666666
firma,del,reporte,2,2,1.0
</s>,<s>,"Buenas,",2,487,0.004106776180698152
<s>,"Buenas,","maestro,",2,2,1.0
</s>,<s>,Feliz,2,487,0.004106776180698152
<s>,Feliz,Año,2,2,1.0
firmar,el,reporte,2,2,1.0
SS?,</s>,<s>,2,2,1.0
<s>,"Gracias,",maestro.,2,5,0.4
"Gracias,",maestro.,</s>,2,2,1.0
</s>,<s>,La,2,487,0.004106776180698152
</s>,<s>,"Uy,",2,487,0.004106776180698152
que,se,llama,2,10,0.2
<s>,Igual,ya,2,3,0.6666666666666666
</s>,<s>,Mañana,2,487,0.004106776180698152
su,cubículo,para,2,4,0.5
cubículo,para,firma,2,2,1.0
reporte,mensual?,</s>,2,2,1.0
mensual?,</s>,<s>,2,2,1.0
</s>,<s>,Hoy,2,487,0.004106776180698152
yo,creo,que,2,2,1.0
realizo,</s>,<s>,2,2,1.0
médico.,</s>,<s>,2,2,1.0
creo,que,ya,2,10,0.2
</s>,<s>,Nos,2,487,0.004106776180698152
eso,</s>,<s>,2,2,1.0
</s>,<s>,Claro,2,487,0.004106776180698152
</s>,<s>,"Igual,",2,487,0.004106776180698152
por,favor?,</s>,2,2,1.0
favor?,</s>,<s>,2,2,1.0
</s>,<s>,El,2,487,0.004106776180698152
</s>,<s>,Muchas,2,487,0.004106776180698152
</s>,<s>,Hola,2,487,0.004106776180698152
<s>,Hola,maestro,2,2,1.0
ahí.,</s>,<s>,2,2,1.0
</s>,<s>,Ahorita,2,487,0.004106776180698152
está,bien,</s>,2,2,1.0
por,semestre,y,2,3,0.6666666666666666
sólo,una,exhibición,2,2,1.0
acá.,</s>,<s>,2,2,1.0
familia.,</s>,<s>,2,2,1.0
fin,de,año?,2,3,0.6666666666666666
de,año?,</s>,2,2,1.0
año?,</s>,<s>,2,2,1.0
trabajando,en,el,2,2,1.0
se,la,hayan,2,7,0.2857142857142857
la,hayan,pasado,2,2,1.0
hayan,pasado,bien.,2,2,1.0
pasado,bien.,</s>,2,2,1.0
Estoy,en,la,2,3,0.6666666666666666
en,el,hotel.,2,13,0.15384615384615385
el,hotel.,</s>,2,2,1.0
<s>,Se,supone,2,5,0.4
están?,</s>,<s>,2,2,1.0
hermano.,</s>,<s>,2,2,1.0
Ya,voy,para,2,4,0.5
se,la,han,2,7,0.2857142857142857
la,han,pasado?,2,2,1.0
han,pasado?,</s>,2,2,1.0
pasado?,</s>,<s>,2,2,1.0
<s>,Voy,a,2,3,0.6666666666666666
<s>,¿Como,van?,2,4,0.5
<s>,"No,",ma.,2,15,0.13333333333333333
"No,",ma.,</s>,2,2,1.0
jajaja.,</s>,<s>,2,2,1.0
vamos,a,la,2,3,0.6666666666666666
</s>,<s>,Hay,2,487,0.004106776180698152
chido.,</s>,<s>,2,2,1.0
<s>,"Jajaja,",que,2,15,0.13333333333333333
que,bien,que,2,4,0.5
que,se,la,2,10,0.2
se,la,estén,2,7,0.2857142857142857
la,estén,pasando,2,2,1.0
pasando,increíble.,</s>,2,2,1.0
</s>,<s>,Ando,2,487,0.004106776180698152
Muy,"bien,",ma.,2,3,0.6666666666666666
estamos,en,la,2,4,0.5
muy,bien.,</s>,2,2,1.0
Como,se,la,2,2,1.0
</s>,<s>,"Va,",2,487,0.004106776180698152
</s>,<s>,"Ma,",2,487,0.004106776180698152
<s>,"Jajaja,",esta,2,15,0.13333333333333333
<s>,Muy,bien,2,6,0.3333333333333333
<s>,Ale,</s>,2,3,0.6666666666666666
mamá,</s>,<s>,2,2,1.0
sin,problema,</s>,2,3,0.6666666666666666
problema,</s>,<s>,2,2,1.0
<s>,Ya,aterricé,2,52,0.038461538461538464
Ya,aterricé,</s>,2,2,1.0
el,avión,</s>,2,2,1.0
avión,</s>,<s>,2,2,1.0
en,la,puerta,2,16,0.125
Ya,voy,a,2,4,0.5
despegar,</s>,<s>,2,2,1.0
casa,</s>,<s>,2,2,1.0
<s>,Si,</s>,2,11,0.18181818181818182
Si,</s>,<s>,2,2,1.0
chido,</s>,<s>,2,2,1.0
muy,bien,ma,2,3,0.6666666666666666
bien,ma,</s>,2,4,0.5
<s>,Ya,llegue,2,52,0.038461538461538464
Ya,llegue,a,2,2,1.0
</s>,<s>,Uff,2,487,0.004106776180698152
viaje,</s>,<s>,2,2,1.0
vuelo,a,Mexico,2,2,1.0
Está,en,la,1,2,0.5
carpeta,de,Servicio.zip,1,3,0.3333333333333333
de,Servicio.zip,que,1,1,1.0
Servicio.zip,que,el,1,1,1.0
el,profe,puso,1,6,0.16666666666666666
profe,puso,en,1,1,1.0
en,la,tarea,1,16,0.0625
la,tarea,hasta,1,1,1.0
tarea,hasta,abajo,1,1,1.0
hasta,abajo,</s>,1,1,1.0
abajo,</s>,<s>,1,1,1.0
<s>,Dale,es,1,2,0.5
Dale,es,compa,1,1,1.0
es,compa,</s>,1,1,1.0
compa,</s>,<s>,1,1,1.0
<s>,Que,onda,1,16,0.0625
Que,onda,equipo?,1,1,1.0
<s>,En,este,1,4,0.25
En,este,codigo,1,1,1.0
este,codigo,ya,1,1,1.0
codigo,ya,esta,1,1,1.0
ya,esta,la,1,1,1.0
esta,la,interfaz,1,1,1.0
la,interfaz,y,1,2,0.5
interfaz,y,el,1,1,1.0
y,el,esqueleto,1,6,0.16666666666666666
el,esqueleto,para,1,1,1.0
esqueleto,para,vectorizar,1,1,1.0
para,vectorizar,y,1,1,1.0
vectorizar,y,"comparar,",1,1,1.0
y,"comparar,",les,1,1,1.0
"comparar,",les,parece,1,1,1.0
les,parece,si,1,1,1.0
parece,si,uno,1,1,1.0
si,uno,hace,1,1,1.0
uno,hace,la,1,1,1.0
hace,la,vectorización,1,2,0.5
la,vectorización,y,1,1,1.0
vectorización,y,el,1,1,1.0
el,otro,la,1,2,0.5
otro,la,comparación?,1,1,1.0
la,comparación?,</s>,1,1,1.0
comparación?,</s>,<s>,1,1,1.0
<s>,"No,",dijo,1,15,0.06666666666666667
"No,",dijo,que,1,1,1.0
dijo,que,usáramos,1,1,1.0
que,usáramos,sólo,1,1,1.0
usáramos,sólo,"uno,",1,1,1.0
sólo,"uno,",al,1,1,1.0
"uno,",al,final,1,1,1.0
al,final,los,1,1,1.0
final,los,tres,1,1,1.0
los,tres,deberían,1,1,1.0
tres,deberían,ser,1,1,1.0
deberían,ser,iguales,1,1,1.0
ser,iguales,porque,1,1,1.0
iguales,porque,los,1,1,1.0
porque,los,corrimos,1,1,1.0
los,corrimos,a,1,1,1.0
misma,hora,y,1,2,0.5
hora,y,de,1,1,1.0
y,de,la,1,1,1.0
de,la,mismas,1,5,0.2
la,mismas,"página,",1,1,1.0
mismas,"página,",puedes,1,1,1.0
"página,",puedes,tomar,1,1,1.0
puedes,tomar,el,1,1,1.0
tomar,el,"mío,",1,1,1.0
el,"mío,",lo,1,1,1.0
"mío,",lo,corrí,1,1,1.0
lo,corrí,todos,1,1,1.0
corrí,todos,los,1,1,1.0
todos,los,días,1,2,0.5
los,días,</s>,1,1,1.0
días,</s>,<s>,1,1,1.0
<s>,Oh,ok,1,2,0.5
Oh,ok,este,1,1,1.0
ok,este,lunes,1,1,1.0
este,lunes,no,1,1,1.0
lunes,no,voy,1,1,1.0
no,voy,a,1,1,1.0
voy,a,poder,1,5,0.2
a,poder,"estar,",1,2,0.5
poder,"estar,",comentó,1,1,1.0
"estar,",comentó,si,1,1,1.0
comentó,si,había,1,1,1.0
si,había,problema,1,1,1.0
había,problema,con,1,1,1.0
problema,con,eso?,1,1,1.0
con,eso?,</s>,1,1,1.0
eso?,</s>,<s>,1,1,1.0
<s>,Pero,no,1,4,0.25
Pero,no,puedo,1,1,1.0
no,puedo,hacer,1,1,1.0
puedo,hacer,"nada,",1,1,1.0
hacer,"nada,",tengo,1,1,1.0
"nada,",tengo,un,1,1,1.0
tengo,un,evento,1,1,1.0
un,evento,agendado,1,1,1.0
evento,agendado,desde,1,1,1.0
agendado,desde,hace,1,1,1.0
desde,hace,semanas,1,1,1.0
hace,semanas,</s>,1,1,1.0
semanas,</s>,<s>,1,1,1.0
<s>,Le,voy,1,2,0.5
Le,voy,a,1,1,1.0
voy,a,mandar,1,5,0.2
a,mandar,mensaje,1,1,1.0
mandar,mensaje,ahorita,1,1,1.0
mensaje,ahorita,</s>,1,1,1.0
<s>,Yo,supuse,1,6,0.16666666666666666
Yo,supuse,"eso,",1,1,1.0
supuse,"eso,",por,1,1,1.0
"eso,",por,eso,1,1,1.0
por,eso,puse,1,2,0.5
eso,puse,en,1,1,1.0
en,la,interfaz,1,16,0.0625
la,interfaz,que,1,2,0.5
interfaz,que,agarre,1,1,1.0
que,agarre,un,1,1,1.0
agarre,un,txt,1,1,1.0
un,txt,</s>,1,1,1.0
txt,</s>,<s>,1,1,1.0
Ya,me,comentó,1,3,0.3333333333333333
me,comentó,el,1,1,1.0
comentó,el,profe,1,1,1.0
el,profe,que,1,6,0.16666666666666666
profe,que,no,1,1,1.0
que,no,hay,1,2,0.5
no,hay,problema,1,2,0.5
hay,problema,que,1,1,1.0
problema,que,la,1,1,1.0
que,la,muestren,1,4,0.25
la,muestren,ustedes,1,1,1.0
muestren,ustedes,dos,1,1,1.0
ustedes,dos,y,1,1,1.0
dos,y,yo,1,1,1.0
y,yo,la,1,2,0.5
yo,la,muestro,1,1,1.0
la,muestro,el,1,1,1.0
muestro,el,jueves,1,1,1.0
el,jueves,</s>,1,2,0.5
jueves,</s>,<s>,1,1,1.0
</s>,<s>,Aun,1,487,0.002053388090349076
<s>,Aun,así,1,1,1.0
Aun,así,voy,1,1,1.0
así,voy,a,1,1,1.0
voy,a,hacer,1,5,0.2
a,hacer,el,1,1,1.0
hacer,el,esfuerzo,1,1,1.0
el,esfuerzo,de,1,1,1.0
esfuerzo,de,ir,1,1,1.0
de,ir,el,1,1,1.0
ir,el,lunes,1,1,1.0
el,lunes,</s>,1,1,1.0
lunes,</s>,<s>,1,1,1.0
</s>,<s>,Uy,1,487,0.002053388090349076
<s>,Uy,que,1,1,1.0
Uy,que,equipazo,1,1,1.0
que,equipazo,</s>,1,1,1.0
equipazo,</s>,<s>,1,1,1.0
Gracias,Emily,y,1,2,0.5
Emily,y,Rolón,1,1,1.0
y,Rolón,</s>,1,1,1.0
<s>,Según,yo,1,2,0.5
Según,yo,es,1,1,1.0
yo,es,que,1,1,1.0
se,genere,en,1,2,0.5
genere,en,un,1,1,1.0
en,un,"pdf,",1,3,0.3333333333333333
un,"pdf,",no?,1,1,1.0
"pdf,",no?,</s>,1,1,1.0
<s>,Según,lo,1,2,0.5
Según,lo,que,1,1,1.0
entiendo,es,que,1,2,0.5
se,genere,el,1,2,0.5
genere,el,pdf,1,1,1.0
el,pdf,de,1,2,0.5
pdf,de,esta,1,1,1.0
de,esta,"manera,",1,1,1.0
esta,"manera,",no?,1,1,1.0
"manera,",no?,</s>,1,1,1.0
</s>,<s>,Ahí,1,487,0.002053388090349076
<s>,Ahí,si,1,1,1.0
Ahí,si,ya,1,1,1.0
si,ya,no,1,1,1.0
ya,no,se,1,1,1.0
no,se,jajaja,1,4,0.25
se,jajaja,Creo,1,1,1.0
jajaja,Creo,que,1,1,1.0
Creo,que,lo,1,3,0.3333333333333333
que,lo,mejor,1,3,0.3333333333333333
lo,mejor,va,1,1,1.0
mejor,va,a,1,1,1.0
a,ser,preguntarle,1,2,0.5
ser,preguntarle,al,1,1,1.0
preguntarle,al,prof,1,1,1.0
al,prof,a,1,1,1.0
prof,a,ver,1,1,1.0
a,ver,cómo,1,1,1.0
ver,cómo,lo,1,1,1.0
cómo,lo,quiere,1,1,1.0
lo,quiere,específicamente,1,1,1.0
quiere,específicamente,</s>,1,1,1.0
específicamente,</s>,<s>,1,1,1.0
<s>,Te,quedo,1,3,0.3333333333333333
Te,quedo,"chido,",1,1,1.0
quedo,"chido,",gracias,1,1,1.0
"chido,",gracias,Rolon,1,1,1.0
<s>,Lo,revisamos,1,3,0.3333333333333333
Lo,revisamos,en,1,1,1.0
revisamos,en,el,1,1,1.0
en,el,"laboratorio,",1,13,0.07692307692307693
el,"laboratorio,",pero,1,1,1.0
"laboratorio,",pero,la,1,1,1.0
pero,la,idea,1,1,1.0
la,idea,es,1,1,1.0
idea,es,que,1,1,1.0
es,que,ustedes,1,4,0.25
que,ustedes,revisen,1,1,1.0
ustedes,revisen,el,1,1,1.0
revisen,el,contenido,1,1,1.0
el,contenido,de,1,1,1.0
contenido,de,las,1,1,1.0
de,las,noticias,1,6,0.16666666666666666
las,noticias,recuperadas,1,1,1.0
noticias,recuperadas,y,1,1,1.0
recuperadas,y,verifiquen,1,1,1.0
y,verifiquen,que,1,1,1.0
verifiquen,que,efectivamente,1,2,0.5
que,efectivamente,se,1,1,1.0
efectivamente,se,comparten,1,1,1.0
se,comparten,tokens.,1,1,1.0
comparten,tokens.,</s>,1,1,1.0
tokens.,</s>,<s>,1,1,1.0
</s>,<s>,Esto,1,487,0.002053388090349076
<s>,Esto,es,1,1,1.0
Esto,es,lo,1,1,1.0
es,lo,que,1,1,1.0
lo,que,me,1,8,0.125
mando,el,"profe,",1,2,0.5
el,"profe,",por,1,1,1.0
"profe,",por,lo,1,1,1.0
por,lo,que,1,1,1.0
entiendo,es,hacer,1,2,0.5
es,hacer,lo,1,1,1.0
hacer,lo,mismo,1,1,1.0
lo,mismo,pero,1,1,1.0
mismo,pero,con,1,1,1.0
pero,con,las,1,1,1.0
con,las,mismas,1,2,0.5
mismas,noticias,del,1,2,0.5
noticias,del,csv,1,1,1.0
del,csv,</s>,1,1,1.0
csv,</s>,<s>,1,1,1.0
<s>,"No,",los,1,15,0.06666666666666667
"No,",los,3,1,1,1.0
los,3,csv,1,1,1.0
3,csv,son,1,1,1.0
csv,son,los,1,1,1.0
son,los,mismo,1,3,0.3333333333333333
los,mismo,"Emily,",1,1,1.0
mismo,"Emily,",recuerda,1,1,1.0
"Emily,",recuerda,que,1,1,1.0
recuerda,que,lo,1,1,1.0
que,lo,corrimos,1,3,0.3333333333333333
lo,corrimos,a,1,1,1.0
misma,hora,de,1,2,0.5
hora,de,las,1,1,1.0
de,las,mismas,1,6,0.16666666666666666
las,mismas,páginas,1,3,0.3333333333333333
mismas,páginas,</s>,1,1,1.0
páginas,</s>,<s>,1,1,1.0
<s>,Es,comparar,1,3,0.3333333333333333
Es,comparar,las,1,1,1.0
comparar,las,mismas,1,1,1.0
mismas,noticias,con,1,2,0.5
noticias,con,los,1,1,1.0
con,los,vectorizadores,1,1,1.0
los,vectorizadores,como,1,1,1.0
vectorizadores,como,si,1,1,1.0
como,si,fueran,1,1,1.0
si,fueran,los,1,1,1.0
fueran,los,documentos,1,1,1.0
los,documentos,de,1,1,1.0
documentos,de,prueba,1,1,1.0
de,prueba,</s>,1,2,0.5
prueba,</s>,<s>,1,1,1.0
</s>,<s>,Por,1,487,0.002053388090349076
<s>,Por,eso,1,1,1.0
Por,eso,es,1,1,1.0
eso,es,documento,1,1,1.0
es,documento,de,1,1,1.0
documento,de,prueba,1,1,1.0
de,prueba,1,1,2,0.5
prueba,1,",",1,1,1.0
1,",","2,",1,1,1.0
",","2,","3,",1,1,1.0
"2,","3,","4,",1,1,1.0
"3,","4,",…,1,1,1.0
"4,",…,hasta,1,1,1.0
…,hasta,la,1,1,1.0
hasta,la,256,1,2,0.5
la,256,creo,1,1,1.0
256,creo,que,1,1,1.0
creo,que,son,1,10,0.1
que,son,las,1,2,0.5
son,las,noticas,1,1,1.0
las,noticas,totales,1,1,1.0
noticas,totales,que,1,1,1.0
totales,que,tenemos,1,1,1.0
que,tenemos,</s>,1,1,1.0
tenemos,</s>,<s>,1,1,1.0
Oigan,y,saben,1,2,0.5
y,saben,cuando,1,1,1.0
saben,cuando,deben,1,1,1.0
cuando,deben,presentar,1,1,1.0
deben,presentar,Yanelli,1,1,1.0
presentar,Yanelli,y,1,1,1.0
Yanelli,y,su,1,1,1.0
y,su,"equipo,",1,1,1.0
su,"equipo,",es,1,1,1.0
"equipo,",es,que,1,1,1.0
es,que,me,1,4,0.25
que,me,preguntó,1,9,0.1111111111111111
me,preguntó,</s>,1,1,1.0
preguntó,</s>,<s>,1,1,1.0
<s>,En,terminos,1,4,0.25
En,terminos,"simples,",1,1,1.0
terminos,"simples,",al,1,1,1.0
"simples,",al,picar,1,1,1.0
al,picar,Generar,1,1,1.0
picar,Generar,"Representaciones,",1,1,1.0
Generar,"Representaciones,",se,1,1,1.0
"Representaciones,",se,deben,1,1,1.0
se,deben,generar,1,1,1.0
deben,generar,todas,1,1,1.0
generar,todas,las,1,1,1.0
todas,las,"vectorizaciones,",1,2,0.5
las,"vectorizaciones,",ej:,1,1,1.0
"vectorizaciones,",ej:,Unigrama,1,1,1.0
ej:,Unigrama,con,1,1,1.0
Unigrama,con,"TF-IDF,",1,1,1.0
con,"TF-IDF,",con,1,1,1.0
"TF-IDF,",con,Frecuencia,1,1,1.0
con,Frecuencia,y,1,1,1.0
Frecuencia,y,con,1,1,1.0
y,con,Binaria,1,1,1.0
con,Binaria,y,1,1,1.0
Binaria,y,a,1,1,1.0
y,a,la,1,1,1.0
a,la,vez,1,14,0.07142857142857142
la,vez,con,1,1,1.0
vez,con,"Titulo,",1,1,1.0
con,"Titulo,",Contenido,1,1,1.0
"Titulo,",Contenido,y,1,1,1.0
Contenido,y,Titulo,1,1,1.0
y,Titulo,+,1,1,1.0
Titulo,+,"Contendio,",1,1,1.0
+,"Contendio,",entonces,1,1,1.0
"Contendio,",entonces,si,1,1,1.0
entonces,si,tenemos,1,1,1.0
si,tenemos,tenemos,1,1,1.0
tenemos,tenemos,2,1,1,1.0
tenemos,2,opciones,1,1,1.0
2,opciones,de,1,1,1.0
opciones,de,"Características,",1,1,1.0
de,"Características,",3,1,1,1.0
"Características,",3,de,1,1,1.0
3,de,Representación,1,2,0.5
de,Representación,y,1,1,1.0
Representación,y,3,1,1,1.0
y,3,de,1,1,1.0
3,de,Elemento,1,2,0.5
de,Elemento,de,1,1,1.0
Elemento,de,Comparación,1,1,1.0
de,Comparación,te,1,1,1.0
Comparación,te,da,1,1,1.0
te,da,18,1,1,1.0
da,18,=,1,1,1.0
18,=,2,1,1,1.0
=,2,*,1,1,1.0
2,*,3,1,1,1.0
*,3,*,1,2,0.5
3,*,3,1,1,1.0
*,3,y,1,2,0.5
3,y,plk,1,1,1.0
y,plk,es,1,1,1.0
plk,es,un,1,1,1.0
es,un,formato,1,2,0.5
un,formato,de,1,1,1.0
formato,de,archivo.,1,1,1.0
de,archivo.,</s>,1,1,1.0
archivo.,</s>,<s>,1,1,1.0
<s>,Y,me,1,4,0.25
Y,me,parece,1,1,1.0
me,parece,que,1,1,1.0
parece,que,el,1,1,1.0
que,el,csv,1,3,0.3333333333333333
el,csv,que,1,1,1.0
csv,que,genera,1,1,1.0
que,genera,solo,1,1,1.0
genera,solo,copia,1,1,1.0
solo,copia,la,1,1,1.0
copia,la,columna,1,1,1.0
la,columna,que,1,1,1.0
columna,que,se,1,1,1.0
que,se,quiere,1,10,0.1
se,quiere,y,1,1,1.0
quiere,y,ya,1,1,1.0
y,ya,</s>,1,2,0.5
ya,</s>,<s>,1,1,1.0
<s>,Ah,</s>,1,3,0.3333333333333333
Ah,</s>,<s>,1,1,1.0
</s>,<s>,si,1,487,0.002053388090349076
<s>,si,cierto,1,1,1.0
si,cierto,Va,1,1,1.0
cierto,Va,gracias,1,1,1.0
Va,gracias,Rolón,1,2,0.5
gracias,Rolón,</s>,1,1,1.0
<s>,Va,gracias,1,5,0.2
Va,gracias,Emily,1,2,0.5
muchas,gracias,Emily,1,4,0.25
</s>,<s>,import,1,487,0.002053388090349076
<s>,import,spacy,1,1,1.0
import,spacy,</s>,1,1,1.0
spacy,</s>,<s>,1,1,1.0
<s>,#,Función,1,2,0.5
#,Función,para,1,1,1.0
Función,para,normalizar,1,1,1.0
para,normalizar,texto:,1,1,1.0
normalizar,texto:,lematización,1,1,1.0
texto:,lematización,y,1,1,1.0
lematización,y,eliminación,1,1,1.0
y,eliminación,estricta,1,1,1.0
eliminación,estricta,de,1,1,1.0
estricta,de,"artículos,",1,1,1.0
de,"artículos,","preposiciones,",1,1,1.0
"artículos,","preposiciones,",conjunciones,1,1,1.0
"preposiciones,",conjunciones,y,1,1,1.0
conjunciones,y,pronombres,1,1,1.0
y,pronombres,</s>,1,1,1.0
pronombres,</s>,<s>,1,1,1.0
Creo,que,es,1,3,0.3333333333333333
que,es,igual,1,1,1.0
es,igual,como,1,1,1.0
igual,como,lo,1,1,1.0
como,lo,mande,1,1,1.0
lo,mande,antes,1,1,1.0
mande,antes,</s>,1,1,1.0
antes,</s>,<s>,1,1,1.0
<s>,Quedo,chido,1,3,0.3333333333333333
Quedo,chido,Muchas,1,1,1.0
chido,Muchas,gracias,1,1,1.0
Muchas,gracias,Rolon,1,2,0.5
<s>,Vamos,a,1,2,0.5
Vamos,a,presentarlo,1,1,1.0
a,presentarlo,hoy?,1,1,1.0
presentarlo,hoy?,</s>,1,1,1.0
hoy?,</s>,<s>,1,1,1.0
<s>,Con,las,1,3,0.3333333333333333
Con,las,pruebas,1,1,1.0
las,pruebas,que,1,2,0.5
pruebas,que,puso,1,1,1.0
que,puso,en,1,1,1.0
puso,en,el,1,3,0.3333333333333333
en,el,"Teams,",1,13,0.07692307692307693
el,"Teams,",tenemos,1,1,1.0
"Teams,",tenemos,que,1,1,1.0
tenemos,que,poner,1,1,1.0
que,poner,con,1,1,1.0
poner,con,las,1,1,1.0
con,las,10,1,2,0.5
las,10,más,1,2,0.5
10,más,similares,1,1,1.0
más,similares,de,1,1,1.0
similares,de,las,1,1,1.0
de,las,18,1,6,0.16666666666666666
las,18,comparaciones,1,1,1.0
18,comparaciones,de,1,1,1.0
comparaciones,de,cada,1,1,1.0
de,cada,una,1,1,1.0
cada,una,</s>,1,1,1.0
una,</s>,<s>,1,1,1.0
<s>,Entonces,serían,1,5,0.2
Entonces,serían,5,1,1,1.0
serían,5,tablas,1,1,1.0
5,tablas,</s>,1,1,1.0
tablas,</s>,<s>,1,1,1.0
<s>,Si,sólo,1,11,0.09090909090909091
Si,sólo,estaba,1,1,1.0
sólo,estaba,anotando,1,1,1.0
estaba,anotando,lo,1,1,1.0
anotando,lo,que,1,1,1.0
lo,que,dijo,1,8,0.125
que,dijo,el,1,1,1.0
dijo,el,profe,1,1,1.0
el,profe,ahorita,1,6,0.16666666666666666
profe,ahorita,</s>,1,1,1.0
<s>,Ok,según,1,5,0.2
Ok,según,lo,1,1,1.0
según,lo,que,1,1,1.0
lo,que,entendí,1,8,0.125
que,entendí,pues,1,1,1.0
entendí,pues,mañana,1,1,1.0
pues,mañana,no,1,1,1.0
mañana,no,se,1,2,0.5
no,se,va,1,4,0.25
va,a,revisar,1,6,0.16666666666666666
a,revisar,nada,1,1,1.0
revisar,nada,solo,1,1,1.0
nada,solo,para,1,1,1.0
solo,para,aquellos,1,1,1.0
para,aquellos,que,1,1,1.0
aquellos,que,el,1,1,1.0
el,profe,les,1,6,0.16666666666666666
profe,les,hizo,1,1,1.0
les,hizo,alguna,1,1,1.0
hizo,alguna,"observación,",1,1,1.0
alguna,"observación,",ahorita,1,1,1.0
"observación,",ahorita,lo,1,1,1.0
ahorita,lo,que,1,1,1.0
lo,que,queda,1,8,0.125
que,queda,es,1,1,1.0
queda,es,simplemente,1,1,1.0
es,simplemente,subir,1,1,1.0
simplemente,subir,la,1,1,1.0
subir,la,evidencia,1,1,1.0
la,evidencia,al,1,2,0.5
evidencia,al,Teams,1,1,1.0
al,Teams,</s>,1,1,1.0
Teams,</s>,<s>,1,1,1.0
Oigan,y,el,1,2,0.5
y,el,profe,1,6,0.16666666666666666
el,profe,ya,1,6,0.16666666666666666
profe,ya,dió,1,1,1.0
ya,dió,calificaciones,1,1,1.0
dió,calificaciones,de,1,1,1.0
calificaciones,de,primer,1,1,1.0
de,primer,parcial,1,1,1.0
primer,parcial,o,1,1,1.0
parcial,o,dijo,1,1,1.0
o,dijo,algo?,1,1,1.0
dijo,algo?,</s>,1,1,1.0
algo?,</s>,<s>,1,1,1.0
</s>,<s>,"Rolon,",1,487,0.002053388090349076
<s>,"Rolon,",estas,1,1,1.0
"Rolon,",estas,seguro,1,1,1.0
estas,seguro,que,1,1,1.0
seguro,que,funciona,1,1,1.0
que,funciona,bien,1,1,1.0
funciona,bien,el,1,1,1.0
bien,el,codigo?,1,1,1.0
el,codigo?,</s>,1,1,1.0
codigo?,</s>,<s>,1,1,1.0
<s>,Es,que,1,3,0.3333333333333333
Es,que,estoy,1,1,1.0
que,estoy,haciendo,1,1,1.0
estoy,haciendo,las,1,1,1.0
haciendo,las,evidencias,1,1,1.0
las,evidencias,y,1,1,1.0
evidencias,y,comprobando,1,1,1.0
y,comprobando,que,1,1,1.0
comprobando,que,tal,1,1,1.0
que,tal,va,1,1,1.0
tal,va,pero,1,1,1.0
va,pero,si,1,1,1.0
pero,si,tiene,1,1,1.0
si,tiene,similitudes,1,1,1.0
tiene,similitudes,muy,1,1,1.0
similitudes,muy,bajas,1,1,1.0
muy,bajas,y,1,1,1.0
bajas,y,hay,1,1,1.0
y,hay,noticias,1,1,1.0
hay,noticias,que,1,1,1.0
noticias,que,no,1,1,1.0
que,no,tienen,1,2,0.5
no,tienen,ninguna,1,1,1.0
tienen,ninguna,palabra,1,1,1.0
ninguna,palabra,igual.,1,1,1.0
palabra,igual.,</s>,1,1,1.0
igual.,</s>,<s>,1,1,1.0
</s>,<s>,Emily,1,487,0.002053388090349076
<s>,Emily,podrías,1,1,1.0
Emily,podrías,hacer,1,1,1.0
podrías,hacer,las,1,1,1.0
hacer,las,pruebas,1,1,1.0
las,pruebas,con,1,2,0.5
pruebas,con,el,1,1,1.0
con,el,codigo,1,1,1.0
el,codigo,de,1,2,0.5
codigo,de,Axel,1,1,1.0
de,Axel,para,1,1,1.0
Axel,para,saber,1,1,1.0
para,saber,si,1,1,1.0
saber,si,es,1,1,1.0
si,es,normal,1,2,0.5
es,normal,esto?,1,1,1.0
normal,esto?,</s>,1,1,1.0
esto?,</s>,<s>,1,1,1.0
<s>,Oh,ya,1,2,0.5
Oh,ya,vi,1,1,1.0
ya,vi,cual,1,1,1.0
vi,cual,es,1,1,1.0
cual,es,un,1,1,1.0
es,un,"problema,",1,2,0.5
un,"problema,",son,1,1,1.0
"problema,",son,los,1,1,1.0
son,los,"acentos,",1,3,0.3333333333333333
los,"acentos,",no,1,1,1.0
"acentos,",no,los,1,1,1.0
no,los,identifica,1,1,1.0
los,identifica,bien,1,1,1.0
identifica,bien,aunque,1,1,1.0
bien,aunque,sea,1,1,1.0
aunque,sea,la,1,1,1.0
sea,la,misma,1,1,1.0
la,misma,palabra,1,3,0.3333333333333333
misma,palabra,</s>,1,1,1.0
palabra,</s>,<s>,1,1,1.0
</s>,<s>,"Como,",1,487,0.002053388090349076
<s>,"Como,",pero,1,1,1.0
"Como,",pero,ya,1,1,1.0
pero,ya,entregaron,1,2,0.5
ya,entregaron,ustedes,1,1,1.0
entregaron,ustedes,la,1,1,1.0
ustedes,la,evidencia?,1,1,1.0
la,evidencia?,</s>,1,1,1.0
evidencia?,</s>,<s>,1,1,1.0
<s>,Ah,vale,1,3,0.3333333333333333
Ah,vale,va,1,1,1.0
vale,va,</s>,1,1,1.0
va,</s>,<s>,1,1,1.0
<s>,Me,pasan,1,4,0.25
Me,pasan,sus,1,1,1.0
pasan,sus,nombres,1,1,1.0
sus,nombres,completos,1,1,1.0
nombres,completos,por,1,1,1.0
completos,por,fa?,1,1,1.0
por,fa?,</s>,1,1,1.0
fa?,</s>,<s>,1,1,1.0
<s>,Si,también,1,11,0.09090909090909091
Si,también,le,1,1,1.0
también,le,pregunté,1,1,1.0
le,pregunté,por,1,1,1.0
pregunté,por,eso,1,1,1.0
por,eso,ya,1,2,0.5
eso,ya,estaba,1,2,0.5
ya,estaba,haciendo,1,1,1.0
estaba,haciendo,la,1,1,1.0
haciendo,la,evidencia,1,1,1.0
la,evidencia,</s>,1,2,0.5
evidencia,</s>,<s>,1,1,1.0
<s>,Porque,no,1,2,0.5
Porque,no,quiso,1,1,1.0
no,quiso,el,1,1,1.0
quiso,el,profe,1,1,1.0
el,profe,saber,1,6,0.16666666666666666
profe,saber,el,1,1,1.0
saber,el,corpus,1,1,1.0
el,corpus,document?,1,1,1.0
corpus,document?,</s>,1,1,1.0
document?,</s>,<s>,1,1,1.0
<s>,No,las,1,3,0.3333333333333333
No,las,quiere,1,1,1.0
las,quiere,como,1,1,1.0
quiere,como,las,1,1,1.0
como,las,puso,1,1,1.0
las,puso,en,1,1,1.0
en,la,explicación,1,16,0.0625
la,explicación,de,1,1,1.0
explicación,de,la,1,1,1.0
de,la,práctica?,1,5,0.2
la,práctica?,</s>,1,1,1.0
práctica?,</s>,<s>,1,1,1.0
Gracias,Emily,</s>,1,2,0.5
</s>,<s>,Qué,1,487,0.002053388090349076
<s>,Qué,onda,1,1,1.0
Qué,onda,equipo?,1,1,1.0
</s>,<s>,Al,1,487,0.002053388090349076
<s>,Al,parecer,1,1,1.0
Al,parecer,va,1,1,1.0
parecer,va,a,1,1,1.0
va,a,haber,1,6,0.16666666666666666
a,haber,varias,1,1,1.0
haber,varias,prácticas,1,1,1.0
varias,prácticas,de,1,1,1.0
prácticas,de,"equipo,",1,1,1.0
de,"equipo,",entonces,1,1,1.0
"equipo,",entonces,para,1,1,1.0
entonces,para,que,1,1,1.0
que,sea,más,1,2,0.5
sea,más,dinámico,1,1,1.0
más,dinámico,nuestro,1,1,1.0
dinámico,nuestro,trabajo,1,1,1.0
nuestro,trabajo,cree,1,1,1.0
trabajo,cree,una,1,1,1.0
cree,una,carpeta,1,1,1.0
una,carpeta,de,1,1,1.0
carpeta,de,Drive,1,3,0.3333333333333333
de,Drive,para,1,1,1.0
Drive,para,hacer,1,1,1.0
para,hacer,los,1,2,0.5
hacer,los,reportes,1,1,1.0
los,reportes,en,1,2,0.5
reportes,en,caso,1,1,1.0
en,caso,que,1,1,1.0
caso,que,pida,1,1,1.0
que,pida,algo,1,1,1.0
pida,algo,más,1,1,1.0
algo,más,elaborado,1,1,1.0
más,elaborado,como,1,1,1.0
elaborado,como,ahora,1,1,1.0
como,ahora,y,1,1,1.0
ahora,y,también,1,1,1.0
y,también,subir,1,2,0.5
también,subir,cosas,1,1,1.0
subir,cosas,de,1,1,1.0
cosas,de,importancia,1,1,1.0
de,importancia,Y,1,1,1.0
importancia,Y,cree,1,1,1.0
Y,cree,un,1,1,1.0
cree,un,repositorio,1,1,1.0
un,repositorio,de,1,1,1.0
repositorio,de,github,1,1,1.0
de,github,para,1,1,1.0
github,para,que,1,1,1.0
que,sea,mas,1,2,0.5
sea,mas,facil,1,1,1.0
mas,facil,que,1,1,1.0
facil,que,nos,1,1,1.0
que,nos,pasemos,1,2,0.5
nos,pasemos,el,1,1,1.0
pasemos,el,codigo,1,1,1.0
el,codigo,y,1,2,0.5
codigo,y,que,1,1,1.0
y,que,tengamos,1,1,1.0
que,tengamos,versiones,1,1,1.0
tengamos,versiones,anteriores,1,1,1.0
versiones,anteriores,por,1,1,1.0
anteriores,por,si,1,1,1.0
por,si,nos,1,1,1.0
si,nos,equivocamos,1,1,1.0
nos,equivocamos,</s>,1,1,1.0
equivocamos,</s>,<s>,1,1,1.0
</s>,<s>,"Ala,",1,487,0.002053388090349076
<s>,"Ala,",sólo,1,1,1.0
"Ala,",sólo,de,1,1,1.0
sólo,de,nosotros,1,1,1.0
de,nosotros,tres?,1,1,1.0
nosotros,tres?,</s>,1,1,1.0
tres?,</s>,<s>,1,1,1.0
<s>,Ah,bueno,1,3,0.3333333333333333
Ah,bueno,jaja,1,1,1.0
bueno,jaja,</s>,1,1,1.0
jaja,</s>,<s>,1,1,1.0
<s>,"Hola,",profesor.,1,7,0.14285714285714285
"Hola,",profesor.,</s>,1,1,1.0
Aquí,estamos,fuera,1,2,0.5
estamos,fuera,de,1,1,1.0
fuera,de,su,1,1,1.0
de,su,"cubículo,",1,2,0.5
su,"cubículo,",se,1,1,1.0
"cubículo,",se,encuentra?,1,1,1.0
se,encuentra?,</s>,1,1,1.0
encuentra?,</s>,<s>,1,1,1.0
<s>,"Si,",solo,1,5,0.2
"Si,",solo,era,1,1,1.0
solo,era,para,1,1,1.0
era,para,platicar,1,1,1.0
para,platicar,con,1,1,1.0
platicar,con,usted,1,1,1.0
con,usted,sobre,1,2,0.5
usted,sobre,nuestro,1,1,1.0
sobre,nuestro,TT,1,1,1.0
nuestro,TT,y,1,1,1.0
TT,y,si,1,1,1.0
y,si,es,1,1,1.0
si,es,posible,1,2,0.5
es,posible,hacer,1,1,1.0
posible,hacer,mi,1,1,1.0
hacer,mi,servicio,1,1,1.0
mi,servicio,social,1,1,1.0
servicio,social,con,1,2,0.5
social,con,usted?,1,1,1.0
con,usted?,</s>,1,1,1.0
En,su,cubículo,1,2,0.5
su,cubículo,o,1,4,0.25
cubículo,o,en,1,1,1.0
o,en,el,1,1,1.0
en,el,laboratorio?,1,13,0.07692307692307693
el,laboratorio?,</s>,1,1,1.0
laboratorio?,</s>,<s>,1,1,1.0
<s>,"Disculpe,",hubo,1,3,0.3333333333333333
"Disculpe,",hubo,alguna,1,1,1.0
hubo,alguna,noticia,1,1,1.0
alguna,noticia,del,1,1,1.0
noticia,del,servicio,1,1,1.0
del,servicio,social,1,1,1.0
servicio,social,y,1,2,0.5
social,y,para,1,1,1.0
y,para,juntarnos,1,1,1.0
para,juntarnos,para,1,1,1.0
juntarnos,para,ver,1,1,1.0
para,ver,lo,1,1,1.0
ver,lo,del,1,1,1.0
lo,del,TT?,1,1,1.0
del,TT?,</s>,1,1,1.0
TT?,</s>,<s>,1,1,1.0
</s>,<s>,Hurtado,1,487,0.002053388090349076
<s>,Hurtado,Morales,1,1,1.0
Hurtado,Morales,Emiliano,1,1,1.0
Morales,Emiliano,</s>,1,1,1.0
Emiliano,</s>,<s>,1,1,1.0
<s>,"Ok,",muchas,1,8,0.125
"Ok,",muchas,"gracias,",1,1,1.0
muchas,"gracias,",profesor.,1,2,0.5
"gracias,",profesor.,</s>,1,1,1.0
<s>,Entonces,ahora,1,5,0.2
Entonces,ahora,sería,1,1,1.0
ahora,sería,registrarme,1,1,1.0
sería,registrarme,en,1,1,1.0
registrarme,en,el,1,1,1.0
en,el,SISS,1,13,0.07692307692307693
el,SISS,y,1,1,1.0
SISS,y,enviar,1,1,1.0
y,enviar,la,1,1,1.0
enviar,la,"documentación,",1,1,1.0
la,"documentación,",verdad?,1,1,1.0
"documentación,",verdad?,</s>,1,1,1.0
verdad?,</s>,<s>,1,1,1.0
<s>,Y,sobre,1,4,0.25
Y,sobre,la,1,1,1.0
sobre,la,"junta,",1,2,0.5
la,"junta,",el,1,1,1.0
"junta,",el,jueves,1,1,1.0
el,jueves,le,1,2,0.5
jueves,le,funciona,1,1,1.0
le,funciona,a,1,1,1.0
funciona,a,las,1,1,1.0
<s>,Está,libre,1,3,0.3333333333333333
Está,libre,ahora?,1,1,1.0
libre,ahora?,</s>,1,1,1.0
ahora?,</s>,<s>,1,1,1.0
<s>,Porque,me,1,2,0.5
Porque,me,tengo,1,1,1.0
me,tengo,que,1,1,1.0
tengo,que,retirar,1,1,1.0
que,retirar,a,1,1,1.0
retirar,a,las,1,1,1.0
a,las,12:30.,1,9,0.1111111111111111
las,12:30.,</s>,1,1,1.0
12:30.,</s>,<s>,1,1,1.0
<s>,"Vale,",voy,1,7,0.14285714285714285
"Vale,",voy,para,1,1,1.0
voy,para,allá.,1,3,0.3333333333333333
para,allá.,</s>,1,1,1.0
allá.,</s>,<s>,1,1,1.0
En,su,cubículo?,1,2,0.5
Buenos,"días,",profe.,1,10,0.1
"días,",profe.,</s>,1,1,1.0
Está,en,su,1,2,0.5
<s>,"Disculpe,",no,1,3,0.3333333333333333
"Disculpe,",no,he,1,1,1.0
no,he,podido,1,2,0.5
he,podido,realizar,1,1,1.0
podido,realizar,las,1,1,1.0
realizar,las,"animaciones,",1,1,1.0
las,"animaciones,",porque,1,1,1.0
"animaciones,",porque,no,1,1,1.0
porque,no,encuentro,1,1,1.0
no,encuentro,las,1,1,1.0
encuentro,las,expresiones,1,1,1.0
las,expresiones,que,1,1,1.0
expresiones,que,quiere,1,1,1.0
que,quiere,que,1,1,1.0
quiere,que,"anime,",1,2,0.5
que,"anime,",estas,1,1,1.0
"anime,",estas,las,1,1,1.0
estas,las,subió,1,1,1.0
las,subió,en,1,1,1.0
subió,en,un,1,1,1.0
en,un,documento,1,3,0.3333333333333333
un,documento,o,1,1,1.0
documento,o,están,1,1,1.0
o,están,en,1,1,1.0
están,en,las,1,2,0.5
en,las,diapositivas?,1,2,0.5
las,diapositivas?,</s>,1,1,1.0
diapositivas?,</s>,<s>,1,1,1.0
<s>,Le,subí,1,2,0.5
Le,subí,la,1,1,1.0
la,presentación,de,1,5,0.2
presentación,de,operadores,1,1,1.0
de,operadores,a,1,1,1.0
operadores,a,la,1,1,1.0
a,la,"carpeta,",1,14,0.07142857142857142
la,"carpeta,",¿podría,1,1,1.0
"carpeta,",¿podría,"revisarla,",1,1,1.0
¿podría,"revisarla,",por,1,1,1.0
"revisarla,",por,"favor,",1,1,1.0
por,"favor,",y,1,1,1.0
"favor,",y,comentarme,1,1,1.0
y,comentarme,que,1,1,1.0
comentarme,que,le,1,1,1.0
que,le,parece?,1,2,0.5
le,parece?,</s>,1,1,1.0
<s>,Buenos,"dias,",1,11,0.09090909090909091
Buenos,"dias,",profesor.,1,1,1.0
"dias,",profesor.,</s>,1,1,1.0
</s>,<s>,Estuve,1,487,0.002053388090349076
<s>,Estuve,haciendo,1,1,1.0
Estuve,haciendo,varios,1,1,1.0
haciendo,varios,diseños,1,1,1.0
varios,diseños,y,1,1,1.0
diseños,y,este,1,1,1.0
y,este,final,1,1,1.0
este,final,es,1,1,1.0
final,es,el,1,1,1.0
es,el,que,1,1,1.0
el,que,me,1,1,1.0
que,me,pareció,1,9,0.1111111111111111
me,pareció,más,1,1,1.0
pareció,más,adecuado,1,1,1.0
más,adecuado,para,1,1,1.0
adecuado,para,las,1,1,1.0
para,las,apuntadores.,1,1,1.0
las,apuntadores.,</s>,1,1,1.0
apuntadores.,</s>,<s>,1,1,1.0
la,presentación,al,1,5,0.2
presentación,al,"OneDrive,",1,1,1.0
al,"OneDrive,",estoy,1,1,1.0
"OneDrive,",estoy,atento,1,1,1.0
estoy,atento,a,1,1,1.0
<s>,"Hola,",prof.,1,7,0.14285714285714285
"Hola,",prof.,</s>,1,1,1.0
prof.,</s>,<s>,1,1,1.0
Va,a,poder,1,2,0.5
a,poder,entrar?,1,2,0.5
poder,entrar?,</s>,1,1,1.0
entrar?,</s>,<s>,1,1,1.0
<s>,Ya,hicimos,1,52,0.019230769230769232
Ya,hicimos,revisión,1,1,1.0
hicimos,revisión,con,1,1,1.0
revisión,con,Alcántara.,1,1,1.0
con,Alcántara.,</s>,1,1,1.0
Alcántara.,</s>,<s>,1,1,1.0
<s>,"Vale,","maestro,",1,7,0.14285714285714285
"Vale,","maestro,",quedó,1,1,1.0
"maestro,",quedó,atento.,1,1,1.0
quedó,atento.,</s>,1,1,1.0
<s>,"Claro,",me,1,14,0.07142857142857142
"Claro,",me,pongo,1,1,1.0
me,pongo,a,1,1,1.0
pongo,a,hacerlo.,1,1,1.0
a,hacerlo.,</s>,1,1,1.0
hacerlo.,</s>,<s>,1,1,1.0
subí,la,primera,1,3,0.3333333333333333
la,primera,versión,1,2,0.5
primera,versión,de,1,1,1.0
versión,de,la,1,1,1.0
de,la,presentación,1,5,0.2
presentación,y,los,1,2,0.5
y,los,ejemplos,1,3,0.3333333333333333
los,ejemplos,del,1,1,1.0
ejemplos,del,PSeInt.,1,1,1.0
del,PSeInt.,</s>,1,1,1.0
PSeInt.,</s>,<s>,1,1,1.0
<s>,"Claro,",realizo,1,14,0.07142857142857142
"Claro,",realizo,los,1,1,1.0
realizo,los,ejemplos.,1,1,1.0
los,ejemplos.,</s>,1,1,1.0
ejemplos.,</s>,<s>,1,1,1.0
Ya,están,arribas,1,3,0.3333333333333333
están,arribas,mis,1,1,1.0
arribas,mis,propuestas,1,1,1.0
mis,propuestas,de,1,1,1.0
propuestas,de,memoria,1,1,1.0
de,memoria,dinámica,1,1,1.0
memoria,dinámica,y,1,1,1.0
dinámica,y,los,1,1,1.0
y,los,ejercicios.,1,3,0.3333333333333333
los,ejercicios.,</s>,1,1,1.0
ejercicios.,</s>,<s>,1,1,1.0
a,sus,comentarios,1,3,0.3333333333333333
sus,comentarios,y,1,1,1.0
comentarios,y,sin,1,1,1.0
y,sin,problema,1,1,1.0
sin,problema,hago,1,3,0.3333333333333333
problema,hago,modificaciones.,1,1,1.0
hago,modificaciones.,</s>,1,1,1.0
<s>,"Claro,","maestro,",1,14,0.07142857142857142
"Claro,","maestro,",lo,1,1,1.0
"maestro,",lo,agrego.,1,1,1.0
lo,agrego.,</s>,1,1,1.0
agrego.,</s>,<s>,1,1,1.0
Ya,están,arriba,1,3,0.3333333333333333
están,arriba,las,1,1,1.0
arriba,las,modificaciones.,1,1,1.0
las,modificaciones.,</s>,1,1,1.0
"No,",no,tengo.,1,2,0.5
no,tengo.,</s>,1,1,1.0
tengo.,</s>,<s>,1,1,1.0
<s>,Que,se,1,16,0.0625
Que,se,tendría,1,1,1.0
se,tendría,que,1,1,1.0
tendría,que,hacer?,1,1,1.0
que,hacer?,</s>,1,1,1.0
hacer?,</s>,<s>,1,1,1.0
<s>,Entonces,quedo,1,5,0.2
Entonces,quedo,atento.,1,1,1.0
quedo,atento.,</s>,1,1,1.0
</s>,<s>,Gracias.,1,487,0.002053388090349076
<s>,Gracias.,</s>,1,1,1.0
Gracias.,</s>,<s>,1,1,1.0
<s>,Buena,tarde.,1,2,0.5
Buena,tarde.,</s>,1,1,1.0
tarde.,</s>,<s>,1,1,1.0
Creo,que,puede,1,3,0.3333333333333333
que,puede,intentar,1,1,1.0
puede,intentar,con,1,1,1.0
intentar,con,SmallPDF,1,1,1.0
con,SmallPDF,o,1,1,1.0
SmallPDF,o,PDF,1,1,1.0
o,PDF,Candy.,1,1,1.0
PDF,Candy.,</s>,1,1,1.0
Candy.,</s>,<s>,1,1,1.0
<s>,Si,"desea,",1,11,0.09090909090909091
Si,"desea,",mándeme,1,1,1.0
"desea,",mándeme,el,1,1,1.0
mándeme,el,pdf,1,1,1.0
el,pdf,y,1,2,0.5
pdf,y,lo,1,1,1.0
y,lo,intento.,1,1,1.0
lo,intento.,</s>,1,1,1.0
intento.,</s>,<s>,1,1,1.0
<s>,"No,",pero,1,15,0.06666666666666667
"No,",pero,creo,1,1,1.0
creo,que,se,1,10,0.1
que,se,reducio,1,10,0.1
se,reducio,la,1,1,1.0
reducio,la,calidad,1,1,1.0
la,calidad,</s>,1,1,1.0
calidad,</s>,<s>,1,1,1.0
</s>,<s>,Puedo,1,487,0.002053388090349076
<s>,Puedo,intentarlo.,1,1,1.0
Puedo,intentarlo.,</s>,1,1,1.0
intentarlo.,</s>,<s>,1,1,1.0
Va,a,estar,1,2,0.5
estar,en,su,1,2,0.5
su,cubículo,a,1,4,0.25
cubículo,a,las,1,1,1.0
</s>,<s>,respuesta,1,487,0.002053388090349076
<s>,respuesta,</s>,1,1,1.0
respuesta,</s>,<s>,1,1,1.0
"Oh,","ok,",pero,1,2,0.5
"ok,",pero,está,1,1,1.0
pero,está,disponible,1,1,1.0
está,disponible,ahora,1,1,1.0
disponible,ahora,u,1,1,1.0
ahora,u,otro,1,1,1.0
u,otro,día,1,1,1.0
otro,día,lo,1,1,1.0
día,lo,puedo,1,1,1.0
lo,puedo,ver?,1,3,0.3333333333333333
puedo,ver?,</s>,1,1,1.0
ver?,</s>,<s>,1,1,1.0
<s>,Es,para,1,3,0.3333333333333333
Es,para,la,1,1,1.0
para,la,firma,1,2,0.5
la,firma,del,1,1,1.0
del,reporte,de,1,2,0.5
reporte,de,SS.,1,2,0.5
de,SS.,</s>,1,1,1.0
SS.,</s>,<s>,1,1,1.0
<s>,"Vale,","gracias,",1,7,0.14285714285714285
"Vale,","gracias,",maestro.,1,1,1.0
"gracias,",maestro.,</s>,1,1,1.0
"Buenas,","maestro,",está,1,2,0.5
"maestro,",está,en,1,1,1.0
está,en,su,1,2,0.5
Feliz,Año,Nuevo!,1,2,0.5
Año,Nuevo!,</s>,1,1,1.0
Nuevo!,</s>,<s>,1,1,1.0
<s>,"Disculpe,",qué,1,3,0.3333333333333333
"Disculpe,",qué,día,1,1,1.0
qué,día,estaría,1,1,1.0
día,estaría,esta,1,1,1.0
estaría,esta,semana,1,1,1.0
esta,semana,para,1,2,0.5
semana,para,poder,1,1,1.0
para,poder,ir,1,1,1.0
poder,ir,a,1,1,1.0
ir,a,firmar,1,3,0.3333333333333333
a,firmar,el,1,1,1.0
el,reporte,de,1,2,0.5
reporte,de,SS?,1,2,0.5
de,SS?,</s>,1,1,1.0
<s>,"Oh,",una,1,3,0.3333333333333333
"Oh,",una,"disculpa,",1,1,1.0
una,"disculpa,",mañana,1,1,1.0
"disculpa,",mañana,no,1,1,1.0
mañana,no,"puedo,",1,2,0.5
no,"puedo,",puede,1,1,1.0
"puedo,",puede,otro,1,1,1.0
puede,otro,día?,1,1,1.0
otro,día?,</s>,1,1,1.0
día?,</s>,<s>,1,1,1.0
<s>,"Vale,",lo,1,7,0.14285714285714285
"Vale,",lo,veo,1,1,1.0
lo,veo,el,1,1,1.0
veo,el,"miércoles,",1,1,1.0
el,"miércoles,",muchas,1,1,1.0
"miércoles,",muchas,gracias.,1,1,1.0
ha,estado?,Hay,1,4,0.25
estado?,Hay,algo,1,1,1.0
Hay,algo,en,1,1,1.0
algo,en,lo,1,1,1.0
en,lo,que,1,1,1.0
lo,que,necesite,1,8,0.125
que,necesite,apoyo?,1,1,1.0
necesite,apoyo?,</s>,1,1,1.0
apoyo?,</s>,<s>,1,1,1.0
<s>,Me,faltan,1,4,0.25
Me,faltan,3,1,1,1.0
faltan,3,meses,1,1,1.0
3,meses,y,1,1,1.0
meses,y,medio.,1,1,1.0
y,medio.,</s>,1,1,1.0
medio.,</s>,<s>,1,1,1.0
</s>,<s>,Termino,1,487,0.002053388090349076
<s>,Termino,en,1,1,1.0
Termino,en,mayo,1,1,1.0
en,mayo,16.,1,1,1.0
mayo,16.,</s>,1,1,1.0
16.,</s>,<s>,1,1,1.0
<s>,Se,refiere,1,5,0.2
Se,refiere,a,1,1,1.0
refiere,a,un,1,1,1.0
a,un,forms,1,1,1.0
un,forms,de,1,1,1.0
forms,de,"Google,",1,1,1.0
de,"Google,",donde,1,1,1.0
"Google,",donde,haya,1,1,1.0
donde,haya,opciones,1,1,1.0
haya,opciones,múltiple,1,1,1.0
opciones,múltiple,del,1,1,1.0
múltiple,del,número,1,1,1.0
del,número,de,1,1,1.0
número,de,ramas,1,1,1.0
de,ramas,y,1,1,1.0
ramas,y,mallas,1,1,1.0
y,mallas,o,1,1,1.0
mallas,o,desea,1,1,1.0
o,desea,que,1,1,1.0
desea,que,sean,1,1,1.0
que,sean,preguntas,1,1,1.0
sean,preguntas,abiertas?,1,1,1.0
preguntas,abiertas?,</s>,1,1,1.0
abiertas?,</s>,<s>,1,1,1.0
<s>,"Vale,",cuantos,1,7,0.14285714285714285
"Vale,",cuantos,circuitos,1,1,1.0
cuantos,circuitos,desea?,1,1,1.0
circuitos,desea?,</s>,1,1,1.0
desea?,</s>,<s>,1,1,1.0
Ya,me,inscribí.,1,3,0.3333333333333333
me,inscribí.,</s>,1,1,1.0
inscribí.,</s>,<s>,1,1,1.0
</s>,<s>,Asi,1,487,0.002053388090349076
<s>,Asi,lo,1,1,1.0
Asi,lo,estoy,1,1,1.0
lo,estoy,trabaando.,1,1,1.0
estoy,trabaando.,</s>,1,1,1.0
trabaando.,</s>,<s>,1,1,1.0
<s>,La,evaluación,1,2,0.5
La,evaluación,del,1,1,1.0
evaluación,del,tutor?,1,1,1.0
del,tutor?,</s>,1,1,1.0
tutor?,</s>,<s>,1,1,1.0
<s>,"Uy,",ahorita,1,2,0.5
"Uy,",ahorita,estoy,1,1,1.0
ahorita,estoy,revisando,1,1,1.0
estoy,revisando,pero,1,1,1.0
revisando,pero,no,1,1,1.0
pero,no,me,1,1,1.0
no,me,deja,1,1,1.0
me,deja,verla.,1,1,1.0
deja,verla.,</s>,1,1,1.0
verla.,</s>,<s>,1,1,1.0
</s>,<s>,De,1,487,0.002053388090349076
<s>,De,lo,1,1,1.0
De,lo,que,1,1,1.0
lo,que,recuerdo,1,8,0.125
que,recuerdo,son,1,1,1.0
recuerdo,son,preguntas,1,1,1.0
son,preguntas,sobre,1,1,1.0
preguntas,sobre,los,1,1,1.0
sobre,los,valores,1,1,1.0
los,valores,politécnicos,1,1,1.0
valores,politécnicos,que,1,1,1.0
politécnicos,que,se,1,1,1.0
que,se,presentaron,1,10,0.1
se,presentaron,en,1,1,1.0
presentaron,en,la,1,1,1.0
en,la,"tutoría,",1,16,0.0625
la,"tutoría,",pero,1,1,1.0
"tutoría,",pero,más,1,1,1.0
pero,más,allá,1,1,1.0
más,allá,de,1,1,1.0
allá,de,eso,1,1,1.0
de,eso,no,1,1,1.0
eso,no,recuerdo,1,1,1.0
no,recuerdo,que,1,1,1.0
recuerdo,que,se,1,1,1.0
que,se,pregunte,1,10,0.1
se,pregunte,exactamente,1,1,1.0
pregunte,exactamente,sobre,1,1,1.0
exactamente,sobre,la,1,1,1.0
sobre,la,identidad,1,2,0.5
la,identidad,politécnica.,1,1,1.0
identidad,politécnica.,</s>,1,1,1.0
politécnica.,</s>,<s>,1,1,1.0
<s>,Si,recuerdo,1,11,0.09090909090909091
Si,recuerdo,algo,1,1,1.0
recuerdo,algo,"especifico,",1,1,1.0
algo,"especifico,",se,1,1,1.0
"especifico,",se,lo,1,1,1.0
se,lo,"comento,",1,1,1.0
lo,"comento,",pero,1,1,1.0
"comento,",pero,hace,1,1,1.0
pero,hace,tiempo,1,1,1.0
hace,tiempo,que,1,1,1.0
tiempo,que,hice,1,1,1.0
que,hice,la,1,1,1.0
hice,la,evaluación,1,1,1.0
la,evaluación,y,1,1,1.0
evaluación,y,no,1,1,1.0
y,no,lo,1,1,1.0
no,lo,tengo,1,1,1.0
lo,tengo,fresco.,1,2,0.5
tengo,fresco.,</s>,1,1,1.0
fresco.,</s>,<s>,1,1,1.0
le,subí,el,1,3,0.3333333333333333
subí,el,"forms,",1,1,1.0
el,"forms,",decidí,1,1,1.0
"forms,",decidí,usar,1,1,1.0
decidí,usar,"Google,",1,1,1.0
usar,"Google,",porque,1,1,1.0
"Google,",porque,tiene,1,1,1.0
porque,tiene,más,1,1,1.0
tiene,más,funcionalidades,1,1,1.0
más,funcionalidades,para,1,1,1.0
funcionalidades,para,hacer,1,1,1.0
para,hacer,un,1,2,0.5
hacer,un,cuestionario,1,1,1.0
un,cuestionario,y,1,1,1.0
cuestionario,y,analizar,1,1,1.0
y,analizar,las,1,1,1.0
analizar,las,respuestas.,1,1,1.0
las,respuestas.,</s>,1,1,1.0
respuestas.,</s>,<s>,1,1,1.0
<s>,"Si,",está,1,5,0.2
"Si,",está,en,1,1,1.0
está,en,la,1,2,0.5
la,carpeta,una,1,4,0.25
carpeta,una,URL,1,1,1.0
una,URL,que,1,1,1.0
URL,que,se,1,1,1.0
se,llama,"circuitos,",1,2,0.5
llama,"circuitos,",coménteme,1,1,1.0
"circuitos,",coménteme,si,1,1,1.0
coménteme,si,le,1,1,1.0
si,le,deja,1,1,1.0
le,deja,entrar,1,1,1.0
deja,entrar,cuando,1,1,1.0
entrar,cuando,pueda.,1,1,1.0
cuando,pueda.,</s>,1,1,1.0
pueda.,</s>,<s>,1,1,1.0
Igual,ya,inicié,1,2,0.5
ya,inicié,el,1,1,1.0
inicié,el,curso,1,1,1.0
el,curso,que,1,2,0.5
curso,que,me,1,1,1.0
que,me,comentó.,1,9,0.1111111111111111
me,comentó.,</s>,1,1,1.0
comentó.,</s>,<s>,1,1,1.0
<s>,Mañana,lo,1,2,0.5
Mañana,lo,puedo,1,1,1.0
lo,puedo,encontrar,1,3,0.3333333333333333
puedo,encontrar,a,1,1,1.0
encontrar,a,las,1,1,1.0
a,las,10,1,9,0.1111111111111111
las,10,en,1,2,0.5
10,en,su,1,2,0.5
para,firma,del,1,2,0.5
del,reporte,mensual?,1,2,0.5
<s>,"Claro,",tiene,1,14,0.07142857142857142
"Claro,",tiene,el,1,1,1.0
tiene,el,código,1,1,1.0
el,código,para,1,2,0.5
código,para,que,1,1,1.0
para,que,lo,1,4,0.25
que,lo,pueda,1,3,0.3333333333333333
lo,pueda,copiar,1,1,1.0
pueda,copiar,y,1,1,1.0
copiar,y,pegar?,1,1,1.0
y,pegar?,</s>,1,1,1.0
pegar?,</s>,<s>,1,1,1.0
<s>,"Vale,",no,1,7,0.14285714285714285
"Vale,",no,se,1,1,1.0
no,se,"preocupe,",1,4,0.25
se,"preocupe,",entonces,1,1,1.0
"preocupe,",entonces,lo,1,1,1.0
entonces,lo,copio,1,1,1.0
lo,copio,a,1,1,1.0
copio,a,mano.,1,1,1.0
a,mano.,</s>,1,1,1.0
mano.,</s>,<s>,1,1,1.0
<s>,#,Importamos,1,2,0.5
#,Importamos,la,1,1,1.0
Importamos,la,biblioteca,1,1,1.0
la,biblioteca,re,1,1,1.0
biblioteca,re,para,1,1,1.0
re,para,expresiones,1,1,1.0
para,expresiones,regulares,1,1,1.0
expresiones,regulares,</s>,1,1,1.0
regulares,</s>,<s>,1,1,1.0
<s>,Hoy,no,1,2,0.5
Hoy,no,fui,1,1,1.0
no,fui,a,1,1,1.0
fui,a,la,1,1,1.0
a,la,"escuela,",1,14,0.07142857142857142
la,"escuela,",porque,1,1,1.0
"escuela,",porque,tengo,1,1,1.0
porque,tengo,lastimado,1,1,1.0
tengo,lastimado,mi,1,1,1.0
lastimado,mi,"pie,",1,1,1.0
mi,"pie,",mañana,1,1,1.0
"pie,",mañana,creo,1,1,1.0
mañana,creo,ya,1,1,1.0
creo,ya,estar,1,1,1.0
ya,estar,"bien,",1,1,1.0
estar,"bien,",puede,1,1,1.0
"bien,",puede,igual,1,1,1.0
puede,igual,a,1,1,1.0
igual,a,las,1,1,1.0
<s>,"Gracias,",maestro,1,5,0.2
"Gracias,",maestro,Pero,1,1,1.0
maestro,Pero,yo,1,1,1.0
Pero,yo,creo,1,1,1.0
creo,que,mañana,1,10,0.1
que,mañana,si,1,1,1.0
mañana,si,puedo,1,1,1.0
si,puedo,"estar,",1,1,1.0
puedo,"estar,",si,1,1,1.0
"estar,",si,quiere,1,1,1.0
si,quiere,lo,1,1,1.0
quiere,lo,puedo,1,1,1.0
lo,puedo,ver,1,3,0.3333333333333333
puedo,ver,en,1,1,1.0
ver,en,su,1,2,0.5
en,su,cubículo.,1,7,0.14285714285714285
su,cubículo.,</s>,1,1,1.0
cubículo.,</s>,<s>,1,1,1.0
<s>,"Claro,",lo,1,14,0.07142857142857142
"Claro,",lo,realizo,1,1,1.0
lo,realizo,</s>,1,1,1.0
<s>,Ya,"mejor,",1,52,0.019230769230769232
Ya,"mejor,",profe.,1,1,1.0
"mejor,",profe.,</s>,1,1,1.0
<s>,Pero,sigo,1,4,0.25
Pero,sigo,con,1,1,1.0
sigo,con,un,1,1,1.0
con,un,poco,1,1,1.0
un,poco,de,1,1,1.0
poco,de,dolor.,1,2,0.5
de,dolor.,</s>,1,1,1.0
dolor.,</s>,<s>,1,1,1.0
<s>,"Si,",estuve,1,5,0.2
"Si,",estuve,tomando,1,1,1.0
estuve,tomando,esta,1,1,1.0
tomando,esta,semana,1,1,1.0
esta,semana,la,1,2,0.5
semana,la,medicina,1,1,1.0
la,medicina,que,1,1,1.0
medicina,que,me,1,1,1.0
mando,el,médico.,1,2,0.5
el,médico.,</s>,1,1,1.0
<s>,"Gracias,",profe.,1,5,0.2
"Gracias,",profe.,</s>,1,1,1.0
<s>,"Listo,",prof,1,4,0.25
"Listo,",prof,</s>,1,1,1.0
prof,</s>,<s>,1,1,1.0
<s>,Ya,mucho,1,52,0.019230769230769232
Ya,mucho,"mejor,",1,1,1.0
mucho,"mejor,",siento,1,1,1.0
"mejor,",siento,algunas,1,1,1.0
siento,algunas,"punzadas,",1,1,1.0
algunas,"punzadas,",pero,1,1,1.0
"punzadas,",pero,creo,1,1,1.0
que,ya,puedo,1,3,0.3333333333333333
ya,puedo,caminar,1,1,1.0
puedo,caminar,bien.,1,1,1.0
caminar,bien.,</s>,1,1,1.0
<s>,"Si,",tomé,1,5,0.2
"Si,",tomé,algunas,1,1,1.0
tomé,algunas,pastillas,1,1,1.0
algunas,pastillas,y,1,1,1.0
pastillas,y,el,1,1,1.0
y,el,diclofenaco,1,6,0.16666666666666666
el,diclofenaco,</s>,1,1,1.0
diclofenaco,</s>,<s>,1,1,1.0
</s>,<s>,3.2,1,487,0.002053388090349076
<s>,3.2,Descripción,1,1,1.0
3.2,Descripción,de,1,1,1.0
Descripción,de,cómo,1,1,1.0
de,cómo,se,1,1,1.0
cómo,se,fomenta,1,1,1.0
se,fomenta,cada,1,1,1.0
fomenta,cada,eje,1,1,1.0
cada,eje,transversal,1,1,1.0
eje,transversal,institucional,1,1,1.0
transversal,institucional,en,1,1,1.0
institucional,en,la,1,1,1.0
en,la,unidad,1,16,0.0625
la,unidad,de,1,1,1.0
unidad,de,aprendizaje,1,1,1.0
de,aprendizaje,</s>,1,1,1.0
aprendizaje,</s>,<s>,1,1,1.0
<s>,"Claro,",en,1,14,0.07142857142857142
"Claro,",en,qué,1,1,1.0
en,qué,le,1,1,1.0
qué,le,puedo,1,1,1.0
le,puedo,ayudar?,1,1,1.0
puedo,ayudar?,</s>,1,1,1.0
ayudar?,</s>,<s>,1,1,1.0
<s>,Entonces,quiere,1,5,0.2
Entonces,quiere,que,1,1,1.0
quiere,que,le,1,2,0.5
que,le,de,1,2,0.5
le,de,algunos,1,1,1.0
de,algunos,ejemplos,1,1,1.0
algunos,ejemplos,usando,1,1,1.0
ejemplos,usando,numpy?,1,1,1.0
usando,numpy?,</s>,1,1,1.0
numpy?,</s>,<s>,1,1,1.0
<s>,Lo,empiezo,1,3,0.3333333333333333
Lo,empiezo,a,1,1,1.0
empiezo,a,trabajar,1,1,1.0
a,trabajar,</s>,1,1,1.0
trabajar,</s>,<s>,1,1,1.0
"Buenas,","maestro,",este,1,2,0.5
"maestro,",este,sería,1,1,1.0
este,sería,el,1,1,1.0
sería,el,código,1,1,1.0
el,código,que,1,2,0.5
código,que,creo,1,1,1.0
que,creo,resulve,1,1,1.0
creo,resulve,su,1,1,1.0
resulve,su,evaluación,1,1,1.0
su,evaluación,</s>,1,1,1.0
evaluación,</s>,<s>,1,1,1.0
<s>,También,lo,1,5,0.2
También,lo,pongo,1,1,1.0
lo,pongo,en,1,1,1.0
pongo,en,la,1,1,1.0
la,carpeta,</s>,1,4,0.25
carpeta,</s>,<s>,1,1,1.0
<s>,"Bien,",ya,1,3,0.3333333333333333
"Bien,",ya,estoy,1,1,1.0
ya,estoy,totalmente,1,3,0.3333333333333333
estoy,totalmente,"recuperado,",1,1,1.0
totalmente,"recuperado,",muchas,1,1,1.0
"recuperado,",muchas,gracias,1,1,1.0
muchas,gracias,</s>,1,4,0.25
<s>,Lo,realizo,1,3,0.3333333333333333
Lo,realizo,</s>,1,1,1.0
</s>,<s>,Buen,1,487,0.002053388090349076
<s>,Buen,fin,1,1,1.0
Buen,fin,de,1,1,1.0
fin,de,semana,1,3,0.3333333333333333
de,semana,largo,1,1,1.0
semana,largo,</s>,1,1,1.0
largo,</s>,<s>,1,1,1.0
</s>,<s>,#include,1,487,0.002053388090349076
<s>,#include,<stdio.h>,1,1,1.0
#include,<stdio.h>,</s>,1,1,1.0
<stdio.h>,</s>,<s>,1,1,1.0
<s>,Ya,quedaron,1,52,0.019230769230769232
Ya,quedaron,las,1,1,1.0
quedaron,las,presentaciones,1,1,1.0
las,presentaciones,de,1,2,0.5
presentaciones,de,las,1,1,1.0
de,las,librerías,1,6,0.16666666666666666
las,librerías,y,1,1,1.0
librerías,y,scanf.,1,1,1.0
y,scanf.,</s>,1,1,1.0
scanf.,</s>,<s>,1,1,1.0
<s>,Ya,subí,1,52,0.019230769230769232
Ya,subí,las,1,1,1.0
subí,las,presentaciones,1,1,1.0
las,presentaciones,y,1,2,0.5
presentaciones,y,los,1,1,1.0
y,los,códigos,1,3,0.3333333333333333
los,códigos,a,1,2,0.5
códigos,a,la,1,1,1.0
a,la,carpeta.,1,14,0.07142857142857142
la,carpeta.,</s>,1,1,1.0
carpeta.,</s>,<s>,1,1,1.0
</s>,<s>,¿Mañana,1,487,0.002053388090349076
<s>,¿Mañana,puedo,1,1,1.0
¿Mañana,puedo,pasar,1,1,1.0
puedo,pasar,con,1,1,1.0
pasar,con,usted,1,1,1.0
con,usted,a,1,2,0.5
usted,a,la,1,1,1.0
a,la,1,1,14,0.07142857142857142
la,1,para,1,3,0.3333333333333333
1,para,firmar,1,1,1.0
para,firmar,el,1,1,1.0
el,reporte,mensual?,1,2,0.5
</s>,<s>,A,1,487,0.002053388090349076
<s>,A,la,1,1,1.0
A,la,1,1,1,1.0
la,1,tenía,1,3,0.3333333333333333
1,tenía,"pensado,",1,1,1.0
tenía,"pensado,",espero,1,1,1.0
"pensado,",espero,terminar,1,1,1.0
espero,terminar,a,1,1,1.0
terminar,a,tiempo,1,1,1.0
a,tiempo,la,1,1,1.0
tiempo,la,revisión,1,1,1.0
la,revisión,de,1,1,1.0
revisión,de,seguimiento,1,1,1.0
de,seguimiento,con,1,2,0.5
seguimiento,con,Ulises.,1,1,1.0
con,Ulises.,</s>,1,1,1.0
Ulises.,</s>,<s>,1,1,1.0
<s>,Nos,tocó,1,2,0.5
Nos,tocó,como,1,1,1.0
tocó,como,profesor,1,1,1.0
como,profesor,de,1,1,1.0
profesor,de,seguimiento,1,1,1.0
de,seguimiento,</s>,1,2,0.5
seguimiento,</s>,<s>,1,1,1.0
<s>,Mañana,vamos,1,2,0.5
Mañana,vamos,a,1,1,1.0
vamos,a,platicar,1,3,0.3333333333333333
a,platicar,de,1,1,1.0
platicar,de,todo,1,1,1.0
de,todo,eso,1,1,1.0
todo,eso,</s>,1,1,1.0
<s>,Claro,</s>,1,2,0.5
Claro,</s>,<s>,1,1,1.0
<s>,"Igual,",maestro.,1,2,0.5
"Igual,",maestro.,</s>,1,1,1.0
</s>,<s>,Excelentes,1,487,0.002053388090349076
<s>,Excelentes,vacaciones,1,1,1.0
Excelentes,vacaciones,</s>,1,1,1.0
vacaciones,</s>,<s>,1,1,1.0
<s>,Ya,realicé,1,52,0.019230769230769232
Ya,realicé,la,1,1,1.0
realicé,la,presentación,1,1,1.0
presentación,y,también,1,2,0.5
y,también,subí,1,2,0.5
también,subí,los,1,1,1.0
subí,los,códigos,1,1,1.0
los,códigos,que,1,2,0.5
códigos,que,utilicé.,1,1,1.0
que,utilicé.,</s>,1,1,1.0
utilicé.,</s>,<s>,1,1,1.0
</s>,<s>,Todo,1,487,0.002053388090349076
<s>,Todo,lo,1,1,1.0
Todo,lo,puse,1,1,1.0
lo,puse,en,1,1,1.0
carpeta,de,Lenguaje,1,3,0.3333333333333333
de,Lenguaje,C/Estructuras,1,1,1.0
Lenguaje,C/Estructuras,de,1,1,1.0
C/Estructuras,de,seleccion,1,1,1.0
de,seleccion,</s>,1,1,1.0
seleccion,</s>,<s>,1,1,1.0
<s>,Nos,puede,1,2,0.5
Nos,puede,pasar,1,1,1.0
puede,pasar,cuando,1,1,1.0
pasar,cuando,pueda,1,1,1.0
cuando,pueda,los,1,1,1.0
pueda,los,"documentos,",1,1,1.0
los,"documentos,",por,1,1,1.0
"documentos,",por,favor?,1,1,1.0
<s>,"Vale,",muchas,1,7,0.14285714285714285
"Vale,",muchas,"gracias,",1,1,1.0
muchas,"gracias,",maestro!,1,2,0.5
"gracias,",maestro!,Buena,1,1,1.0
maestro!,Buena,noche,1,1,1.0
Buena,noche,</s>,1,1,1.0
noche,</s>,<s>,1,1,1.0
<s>,El,viernes,1,2,0.5
El,viernes,puedo,1,1,1.0
viernes,puedo,ir,1,1,1.0
puedo,ir,a,1,1,1.0
ir,a,las,1,3,0.3333333333333333
a,las,10:00,1,9,0.1111111111111111
las,10:00,a,1,1,1.0
10:00,a,su,1,1,1.0
a,su,cubículo,1,2,0.5
para,firma,de,1,2,0.5
firma,de,los,1,1,1.0
de,los,reportes,1,1,1.0
los,reportes,del,1,2,0.5
reportes,del,SS?,1,1,1.0
del,SS?,</s>,1,1,1.0
</s>,<s>,"Ah,",1,487,0.002053388090349076
<s>,"Ah,",muy,1,1,1.0
"Ah,",muy,"bien,",1,1,1.0
muy,"bien,",maestro.,1,1,1.0
"bien,",maestro.,</s>,1,1,1.0
<s>,Muchas,"gracias,",1,2,0.5
Muchas,"gracias,",me,1,1,1.0
"gracias,",me,puede,1,1,1.0
me,puede,recuperar,1,1,1.0
puede,recuperar,por,1,1,1.0
recuperar,por,completo,1,1,1.0
por,completo,</s>,1,1,1.0
completo,</s>,<s>,1,1,1.0
</s>,<s>,Maestro,1,487,0.002053388090349076
<s>,Maestro,"Figueroa,",1,1,1.0
Maestro,"Figueroa,",mañana,1,1,1.0
"Figueroa,",mañana,puede,1,1,1.0
mañana,puede,llevar,1,1,1.0
puede,llevar,su,1,1,1.0
llevar,su,aparato,1,1,1.0
su,aparato,que,1,1,1.0
aparato,que,nos,1,1,1.0
que,nos,permite,1,2,0.5
nos,permite,mover,1,1,1.0
permite,mover,la,1,1,1.0
mover,la,presentación,1,1,1.0
la,presentación,a,1,5,0.2
presentación,a,"distancia,",1,1,1.0
a,"distancia,",por,1,1,1.0
"distancia,",por,favor?,1,1,1.0
<s>,Muchas,</s>,1,2,0.5
Muchas,</s>,<s>,1,1,1.0
</s>,<s>,gracias,1,487,0.002053388090349076
<s>,gracias,</s>,1,1,1.0
Hola,maestro,Desde,1,2,0.5
maestro,Desde,la,1,1,1.0
Desde,la,semana,1,1,1.0
la,semana,que,1,1,1.0
semana,que,me,1,1,1.0
que,me,"firmó,",1,9,0.1111111111111111
me,"firmó,",realicé,1,1,1.0
"firmó,",realicé,el,1,1,1.0
realicé,el,proceso,1,1,1.0
el,proceso,y,1,1,1.0
proceso,y,ya,1,1,1.0
y,ya,tengo,1,2,0.5
ya,tengo,mi,1,2,0.5
tengo,mi,carta,1,1,1.0
mi,carta,de,1,1,1.0
carta,de,término,1,1,1.0
de,término,e,1,1,1.0
término,e,hice,1,1,1.0
e,hice,los,1,1,1.0
hice,los,procesos,1,1,1.0
los,procesos,que,1,1,1.0
procesos,que,me,1,1,1.0
que,me,indicaron,1,9,0.1111111111111111
me,indicaron,ahí.,1,1,1.0
indicaron,ahí.,</s>,1,1,1.0
<s>,Ahorita,ya,1,2,0.5
Ahorita,ya,sería,1,1,1.0
ya,sería,esperar,1,1,1.0
sería,esperar,que,1,1,1.0
esperar,que,verifiquen,1,2,0.5
que,verifiquen,que,1,1,1.0
verifiquen,que,todo,1,2,0.5
que,todo,está,1,2,0.5
todo,está,bien,1,1,1.0
<s>,Buenas,tardes,1,13,0.07692307692307693
Buenas,tardes,maestro,1,1,1.0
tardes,maestro,Todo,1,1,1.0
maestro,Todo,bien,1,1,1.0
Todo,bien,muchas,1,1,1.0
bien,muchas,gracias,1,1,1.0
muchas,gracias,y,1,4,0.25
gracias,y,usted?,1,1,1.0
y,usted?,</s>,1,1,1.0
</s>,<s>,Todavía,1,487,0.002053388090349076
<s>,Todavía,tengo,1,1,1.0
Todavía,tengo,este,1,1,1.0
tengo,este,semestre,1,1,1.0
este,semestre,materias,1,3,0.3333333333333333
semestre,materias,Empezaría,1,1,1.0
materias,Empezaría,los,1,1,1.0
Empezaría,los,trámites,1,1,1.0
los,trámites,el,1,1,1.0
trámites,el,próximo,1,1,1.0
el,próximo,semestre,1,1,1.0
próximo,semestre,Pero,1,1,1.0
semestre,Pero,ya,1,1,1.0
Pero,ya,tengo,1,1,1.0
ya,tengo,todo,1,2,0.5
tengo,todo,solo,1,1,1.0
todo,solo,es,1,1,1.0
solo,es,acabar,1,1,1.0
es,acabar,este,1,1,1.0
acabar,este,semestre,1,1,1.0
este,semestre,</s>,1,3,0.3333333333333333
<s>,Ya,la,1,52,0.019230769230769232
Ya,la,realicé,1,1,1.0
la,realicé,Llevo,1,1,1.0
realicé,Llevo,trabajando,1,1,1.0
Llevo,trabajando,ya,1,1,1.0
trabajando,ya,tiempo,1,1,1.0
ya,tiempo,</s>,1,1,1.0
tiempo,</s>,<s>,1,1,1.0
<s>,Si,Ya,1,11,0.09090909090909091
Si,Ya,lo,1,1,1.0
Ya,lo,tengo,1,2,0.5
lo,tengo,registrado,1,2,0.5
tengo,registrado,en,1,1,1.0
registrado,en,mi,1,1,1.0
en,mi,SAES,1,1,1.0
mi,SAES,</s>,1,1,1.0
SAES,</s>,<s>,1,1,1.0
Hola,maestro,Claro,1,2,0.5
maestro,Claro,la,1,1,1.0
Claro,la,he,1,1,1.0
la,he,tenido,1,1,1.0
he,tenido,durante,1,1,1.0
tenido,durante,la,1,1,1.0
durante,la,"uni,",1,1,1.0
la,"uni,",tengo,1,1,1.0
"uni,",tengo,pensado,1,1,1.0
tengo,pensado,en,1,1,1.0
pensado,en,pedirla,1,1,1.0
en,pedirla,este,1,1,1.0
pedirla,este,semestre,1,1,1.0
este,semestre,también,1,3,0.3333333333333333
semestre,también,</s>,1,1,1.0
también,</s>,<s>,1,1,1.0
<s>,"No,",ese,1,15,0.06666666666666667
"No,",ese,monto,1,1,1.0
ese,monto,es,1,1,1.0
monto,es,por,1,1,1.0
es,por,semestre,1,1,1.0
semestre,y,luego,1,2,0.5
y,luego,se,1,1,1.0
luego,se,reválida,1,1,1.0
se,reválida,para,1,1,1.0
reválida,para,el,1,1,1.0
para,el,siguiente,1,1,1.0
el,siguiente,semestre,1,2,0.5
siguiente,semestre,</s>,1,1,1.0
<s>,"No,",sólo,1,15,0.06666666666666667
"No,",sólo,una,1,1,1.0
una,exhibición,</s>,1,2,0.5
exhibición,</s>,<s>,1,1,1.0
<s>,Si,todos,1,11,0.09090909090909091
Si,todos,los,1,1,1.0
todos,los,montos,1,2,0.5
los,montos,son,1,1,1.0
montos,son,sólo,1,1,1.0
son,sólo,una,1,1,1.0
una,exhibición,por,1,2,0.5
exhibición,por,semestre,1,1,1.0
semestre,y,la,1,2,0.5
y,la,beca,1,1,1.0
la,beca,BEIFI,1,1,1.0
beca,BEIFI,son,1,1,1.0
BEIFI,son,1400,1,1,1.0
son,1400,mensuales,1,1,1.0
1400,mensuales,por,1,1,1.0
mensuales,por,5,1,1,1.0
por,5,"meses,",1,1,1.0
5,"meses,",entonces,1,1,1.0
"meses,",entonces,son,1,1,1.0
entonces,son,7000,1,1,1.0
son,7000,por,1,1,1.0
7000,por,semestre,1,1,1.0
por,semestre,</s>,1,3,0.3333333333333333
<s>,Y,la,1,4,0.25
Y,la,BEIFI,1,1,1.0
la,BEIFI,es,1,1,1.0
BEIFI,es,compatible,1,1,1.0
es,compatible,con,1,1,1.0
compatible,con,todas,1,1,1.0
con,todas,las,1,1,1.0
todas,las,becas,1,2,0.5
las,becas,</s>,1,1,1.0
becas,</s>,<s>,1,1,1.0
<s>,Claro,maestro,1,2,0.5
Claro,maestro,Muchas,1,1,1.0
maestro,Muchas,gracias,1,1,1.0
Muchas,gracias,</s>,1,2,0.5
<s>,"Felicidades,",Ale.,1,3,0.3333333333333333
"Felicidades,",Ale.,</s>,1,1,1.0
</s>,<s>,¿Que,1,487,0.002053388090349076
<s>,¿Que,tal?,1,1,1.0
¿Que,tal?,¿Como,1,1,1.0
tal?,¿Como,van?,1,1,1.0
</s>,<s>,Tranqui,1,487,0.002053388090349076
<s>,Tranqui,por,1,1,1.0
Tranqui,por,acá.,1,1,1.0
por,acá.,</s>,1,1,1.0
</s>,<s>,Acabo,1,487,0.002053388090349076
<s>,Acabo,de,1,1,1.0
Acabo,de,regresar,1,1,1.0
de,regresar,del,1,1,1.0
regresar,del,basket.,1,1,1.0
del,basket.,</s>,1,1,1.0
basket.,</s>,<s>,1,1,1.0
</s>,<s>,¿Ya,1,487,0.002053388090349076
<s>,¿Ya,llegaron?,1,1,1.0
¿Ya,llegaron?,</s>,1,1,1.0
llegaron?,</s>,<s>,1,1,1.0
</s>,<s>,Nada,1,487,0.002053388090349076
<s>,Nada,más,1,1,1.0
Nada,más,estuvo,1,1,1.0
más,estuvo,el,1,1,1.0
estuvo,el,Gael,1,2,0.5
el,Gael,y,1,1,1.0
Gael,y,el,1,1,1.0
y,el,de,1,6,0.16666666666666666
el,de,gorrita.,1,1,1.0
de,gorrita.,</s>,1,1,1.0
gorrita.,</s>,<s>,1,1,1.0
<s>,"Hola,",familia.,1,7,0.14285714285714285
"Hola,",familia.,</s>,1,1,1.0
</s>,<s>,"Oigan,",1,487,0.002053388090349076
<s>,"Oigan,",¿tenemos,1,1,1.0
"Oigan,",¿tenemos,planes,1,1,1.0
¿tenemos,planes,para,1,1,1.0
planes,para,fin,1,1,1.0
para,fin,de,1,1,1.0
</s>,<s>,"Ahh,",1,487,0.002053388090349076
<s>,"Ahh,","bueno,",1,1,1.0
"Ahh,","bueno,","entonces,",1,1,1.0
"bueno,","entonces,","ma,",1,1,1.0
"entonces,","ma,",¿hay,1,1,1.0
"ma,",¿hay,problema,1,1,1.0
¿hay,problema,si,1,1,1.0
problema,si,me,1,1,1.0
si,me,voy,1,1,1.0
me,voy,con,1,1,1.0
voy,con,mi,1,1,1.0
con,mi,papá,1,1,1.0
mi,papá,el,1,1,1.0
papá,el,fin,1,1,1.0
el,fin,de,1,1,1.0
</s>,<s>,Eras,1,487,0.002053388090349076
<s>,Eras,"darks,",1,1,1.0
Eras,"darks,",ma.,1,1,1.0
"darks,",ma.,</s>,1,1,1.0
</s>,<s>,He,1,487,0.002053388090349076
<s>,He,estado,1,1,1.0
He,estado,yendo,1,1,1.0
estado,yendo,a,1,1,1.0
yendo,a,jugar,1,2,0.5
a,jugar,basket,1,1,1.0
jugar,basket,y,1,1,1.0
basket,y,trabajando,1,1,1.0
y,trabajando,en,1,1,1.0
en,el,"chatbot,",1,13,0.07692307692307693
el,"chatbot,",¿y,1,1,1.0
"chatbot,",¿y,ustedes?,1,1,1.0
¿y,ustedes?,</s>,1,1,1.0
ustedes?,</s>,<s>,1,1,1.0
<s>,"Uy,",que,1,2,0.5
"Uy,",que,"chido,",1,1,1.0
que,"chido,",espero,1,1,1.0
"chido,",espero,se,1,1,1.0
espero,se,la,1,1,1.0
<s>,Gracias,por,1,5,0.2
Gracias,por,la,1,1,1.0
por,la,sorpresita.,1,1,1.0
la,sorpresita.,</s>,1,1,1.0
sorpresita.,</s>,<s>,1,1,1.0
Feliz,Año,"Nuevo,",1,2,0.5
Año,"Nuevo,",familia.,1,1,1.0
"Nuevo,",familia.,</s>,1,1,1.0
<s>,¿Como,han,1,4,0.25
¿Como,han,estado?,1,1,1.0
han,estado?,</s>,1,1,1.0
Que,"bien,",pásenla,1,8,0.125
"bien,",pásenla,rico.,1,1,1.0
pásenla,rico.,</s>,1,1,1.0
rico.,</s>,<s>,1,1,1.0
</s>,<s>,¿Cuando,1,487,0.002053388090349076
<s>,¿Cuando,regresan?,1,1,1.0
¿Cuando,regresan?,</s>,1,1,1.0
regresan?,</s>,<s>,1,1,1.0
<s>,Ya,"regresé,",1,52,0.019230769230769232
Ya,"regresé,",ma.,1,1,1.0
"regresé,",ma.,</s>,1,1,1.0
<s>,"Bien,",ma.,1,3,0.3333333333333333
"Bien,",ma.,</s>,1,1,1.0
</s>,<s>,Ahora,1,487,0.002053388090349076
<s>,Ahora,si,1,1,1.0
Ahora,si,no,1,1,1.0
si,no,he,1,1,1.0
no,he,sentido,1,2,0.5
he,sentido,nada.,1,1,1.0
sentido,nada.,</s>,1,1,1.0
nada.,</s>,<s>,1,1,1.0
<s>,¿Qué,"haces,",1,3,0.3333333333333333
¿Qué,"haces,",ma?,1,1,1.0
"haces,",ma?,</s>,1,1,1.0
ma?,</s>,<s>,1,1,1.0
</s>,<s>,Igual.,1,487,0.002053388090349076
<s>,Igual.,</s>,1,1,1.0
Igual.,</s>,<s>,1,1,1.0
<s>,Ya,"llegue,",1,52,0.019230769230769232
Ya,"llegue,",voy,1,1,1.0
"llegue,",voy,camino,1,1,1.0
voy,camino,al,1,1,1.0
camino,al,hotel.,1,1,1.0
al,hotel.,</s>,1,1,1.0
Ya,ando,aquí.,1,3,0.3333333333333333
ando,aquí.,</s>,1,1,1.0
aquí.,</s>,<s>,1,1,1.0
en,la,104.,1,16,0.0625
la,104.,</s>,1,1,1.0
104.,</s>,<s>,1,1,1.0
Ya,ando,en,1,3,0.3333333333333333
ando,en,el,1,2,0.5
en,el,camión.,1,13,0.07692307692307693
el,camión.,</s>,1,1,1.0
camión.,</s>,<s>,1,1,1.0
</s>,<s>,Salí,1,487,0.002053388090349076
<s>,Salí,a,1,1,1.0
Salí,a,las,1,1,1.0
a,las,11.,1,9,0.1111111111111111
las,11.,</s>,1,1,1.0
11.,</s>,<s>,1,1,1.0
Se,supone,que,1,2,0.5
supone,que,llego,1,1,1.0
que,llego,entre,1,1,1.0
llego,entre,las,1,1,1.0
entre,las,4,1,1,1.0
las,4,y,1,1,1.0
4,y,5.,1,1,1.0
y,5.,</s>,1,1,1.0
5.,</s>,<s>,1,1,1.0
</s>,<s>,Google,1,487,0.002053388090349076
<s>,Google,Maps,1,1,1.0
Google,Maps,dice,1,1,1.0
Maps,dice,2,1,1,1.0
dice,2,"horas,",1,1,1.0
2,"horas,",pero,1,1,1.0
"horas,",pero,creo,1,1,1.0
creo,que,va,1,10,0.1
que,va,a,1,1,1.0
a,ser,"más,",1,2,0.5
ser,"más,",porque,1,1,1.0
"más,",porque,dice,1,1,1.0
porque,dice,qué,1,1,1.0
dice,qué,hay,1,1,1.0
qué,hay,tráfico.,1,1,1.0
hay,tráfico.,</s>,1,1,1.0
tráfico.,</s>,<s>,1,1,1.0
<s>,"No,",estoy,1,15,0.06666666666666667
"No,",estoy,en,1,1,1.0
estoy,en,edoMex.,1,7,0.14285714285714285
en,edoMex.,</s>,1,1,1.0
edoMex.,</s>,<s>,1,1,1.0
<s>,Vamos,al,1,2,0.5
Vamos,al,Chilis.,1,1,1.0
al,Chilis.,</s>,1,1,1.0
Chilis.,</s>,<s>,1,1,1.0
Ya,estoy,a,1,8,0.125
estoy,a,media,1,1,1.0
a,media,hora.,1,1,1.0
media,hora.,</s>,1,1,1.0
hora.,</s>,<s>,1,1,1.0
<s>,Ya,llegue.,1,52,0.019230769230769232
Ya,llegue.,</s>,1,1,1.0
llegue.,</s>,<s>,1,1,1.0
<s>,Estoy,yendo,1,5,0.2
Estoy,yendo,a,1,1,1.0
yendo,a,la,1,2,0.5
a,la,avenida.,1,14,0.07142857142857142
la,avenida.,</s>,1,1,1.0
avenida.,</s>,<s>,1,1,1.0
</s>,<s>,¿Donde,1,487,0.002053388090349076
<s>,¿Donde,están?,1,1,1.0
¿Donde,están?,</s>,1,1,1.0
<s>,Ya,"está,",1,52,0.019230769230769232
Ya,"está,",ma.,1,1,1.0
"está,",ma.,</s>,1,1,1.0
</s>,<s>,-,1,487,0.002053388090349076
<s>,-,Certificado,1,1,1.0
-,Certificado,de,1,1,1.0
Certificado,de,vacunación,1,1,1.0
de,vacunación,</s>,1,1,1.0
vacunación,</s>,<s>,1,1,1.0
</s>,<s>,"Saludos,",1,487,0.002053388090349076
<s>,"Saludos,",ma.,1,1,1.0
"Saludos,",ma.,</s>,1,1,1.0
<s>,Pásenla,bien.,1,4,0.25
Pásenla,bien.,</s>,1,1,1.0
<s>,Se,parece,1,5,0.2
Se,parece,un,1,1,1.0
parece,un,buen,1,1,1.0
un,buen,mi,1,2,0.5
buen,mi,hermano.,1,1,1.0
mi,hermano.,</s>,1,1,1.0
voy,para,la,1,3,0.3333333333333333
para,la,universidad.,1,2,0.5
la,universidad.,</s>,1,1,1.0
universidad.,</s>,<s>,1,1,1.0
<s>,¿Como,se,1,4,0.25
¿Como,se,la,1,1,1.0
Voy,a,estar,1,2,0.5
estar,en,la,1,2,0.5
en,la,fiesta,1,16,0.0625
la,fiesta,de,1,1,1.0
fiesta,de,la,1,1,1.0
de,la,uni.,1,5,0.2
la,uni.,</s>,1,1,1.0
uni.,</s>,<s>,1,1,1.0
Voy,a,salir,1,2,0.5
a,salir,"tarde,",1,1,1.0
salir,"tarde,",no,1,1,1.0
"tarde,",no,creo,1,1,1.0
no,creo,que,1,1,1.0
creo,que,esté,1,10,0.1
que,esté,abierta,1,1,1.0
esté,abierta,la,1,1,1.0
abierta,la,tienda.,1,1,1.0
la,tienda.,</s>,1,1,1.0
tienda.,</s>,<s>,1,1,1.0
Ya,ando,acá.,1,3,0.3333333333333333
ando,acá.,</s>,1,1,1.0
</s>,<s>,Bájense.,1,487,0.002053388090349076
<s>,Bájense.,</s>,1,1,1.0
Bájense.,</s>,<s>,1,1,1.0
<s>,"No,",vengase,1,15,0.06666666666666667
"No,",vengase,a,1,1,1.0
vengase,a,la,1,1,1.0
a,la,plaza.,1,14,0.07142857142857142
la,plaza.,</s>,1,1,1.0
plaza.,</s>,<s>,1,1,1.0
</s>,<s>,"Ale,",1,487,0.002053388090349076
<s>,"Ale,",¿tienes,1,1,1.0
"Ale,",¿tienes,el,1,1,1.0
¿tienes,el,link,1,1,1.0
el,link,de,1,1,1.0
link,de,asistencia?,1,1,1.0
de,asistencia?,</s>,1,1,1.0
asistencia?,</s>,<s>,1,1,1.0
<s>,"Si,",Ale.,1,5,0.2
"Si,",Ale.,</s>,1,1,1.0
</s>,<s>,Acabando,1,487,0.002053388090349076
<s>,Acabando,de,1,1,1.0
Acabando,de,llegar.,1,1,1.0
de,llegar.,</s>,1,1,1.0
llegar.,</s>,<s>,1,1,1.0
<s>,¿Qué,pasó?,1,3,0.3333333333333333
¿Qué,pasó?,</s>,1,1,1.0
pasó?,</s>,<s>,1,1,1.0
<s>,"Felicidades,",mamá.,1,3,0.3333333333333333
"Felicidades,",mamá.,</s>,1,1,1.0
mamá.,</s>,<s>,1,1,1.0
<s>,¿Qué,quieren?,1,3,0.3333333333333333
¿Qué,quieren?,</s>,1,1,1.0
quieren?,</s>,<s>,1,1,1.0
</s>,<s>,¿Cuantas,1,487,0.002053388090349076
<s>,¿Cuantas,alitas?,1,1,1.0
¿Cuantas,alitas?,</s>,1,1,1.0
alitas?,</s>,<s>,1,1,1.0
<s>,Yo,con,1,6,0.16666666666666666
Yo,con,unas,1,1,1.0
con,unas,5,1,1,1.0
unas,5,estoy,1,1,1.0
5,estoy,bien,1,1,1.0
estoy,bien,</s>,1,1,1.0
<s>,Ya,llego,1,52,0.019230769230769232
Ya,llego,la,1,1,1.0
llego,la,"comida,",1,1,1.0
la,"comida,",apúrenle.,1,1,1.0
"comida,",apúrenle.,</s>,1,1,1.0
apúrenle.,</s>,<s>,1,1,1.0
</s>,<s>,Denle,1,487,0.002053388090349076
<s>,Denle,chavos.,1,1,1.0
Denle,chavos.,</s>,1,1,1.0
chavos.,</s>,<s>,1,1,1.0
<s>,Se,va,1,5,0.2
Se,va,a,1,1,1.0
va,a,enfriar,1,6,0.16666666666666666
a,enfriar,duro.,1,1,1.0
enfriar,duro.,</s>,1,1,1.0
duro.,</s>,<s>,1,1,1.0
<s>,Que,</s>,1,16,0.0625
Que,</s>,<s>,1,1,1.0
<s>,Ya,andamos,1,52,0.019230769230769232
Ya,andamos,en,1,1,1.0
andamos,en,la,1,1,1.0
en,la,primera,1,16,0.0625
la,primera,parada.,1,2,0.5
primera,parada.,</s>,1,1,1.0
parada.,</s>,<s>,1,1,1.0
<s>,"Igual,",mama.,1,2,0.5
"Igual,",mama.,</s>,1,1,1.0
mama.,</s>,<s>,1,1,1.0
</s>,<s>,🤟,1,487,0.002053388090349076
<s>,🤟,</s>,1,1,1.0
🤟,</s>,<s>,1,1,1.0
<s>,Pero,creo,1,4,0.25
Pero,creo,que,1,1,1.0
que,ya,estamos,1,3,0.3333333333333333
ya,estamos,cerca.,1,1,1.0
estamos,cerca.,</s>,1,1,1.0
cerca.,</s>,<s>,1,1,1.0
<s>,"No,",le,1,15,0.06666666666666667
"No,",le,tocó,1,1,1.0
le,tocó,al,1,1,1.0
tocó,al,lado.,1,1,1.0
al,lado.,</s>,1,1,1.0
lado.,</s>,<s>,1,1,1.0
<s>,"Claro,",ma.,1,14,0.07142857142857142
"Claro,",ma.,</s>,1,1,1.0
</s>,<s>,"Ay,",1,487,0.002053388090349076
<s>,"Ay,",ma.,1,1,1.0
"Ay,",ma.,</s>,1,1,1.0
<s>,No,dejas,1,3,0.3333333333333333
No,dejas,de,1,1,1.0
dejas,de,encontrar,1,1,1.0
de,encontrar,"fotos,",1,1,1.0
encontrar,"fotos,",jajaja.,1,1,1.0
"fotos,",jajaja.,</s>,1,1,1.0
</s>,<s>,"Yo,",1,487,0.002053388090349076
<s>,"Yo,",ma.,1,1,1.0
"Yo,",ma.,</s>,1,1,1.0
</s>,<s>,😑,1,487,0.002053388090349076
<s>,😑,</s>,1,1,1.0
😑,</s>,<s>,1,1,1.0
</s>,<s>,🤙,1,487,0.002053388090349076
<s>,🤙,</s>,1,1,1.0
🤙,</s>,<s>,1,1,1.0
<s>,Yo,llego,1,6,0.16666666666666666
Yo,llego,en,1,1,1.0
llego,en,20.,1,1,1.0
en,20.,</s>,1,1,1.0
20.,</s>,<s>,1,1,1.0
<s>,"Ok,",ma.,1,8,0.125
"Ok,",ma.,</s>,1,1,1.0
Se,supone,a,1,2,0.5
supone,a,la,1,1,1.0
a,la,"1,",1,14,0.07142857142857142
la,"1,",pero,1,1,1.0
"1,",pero,ya,1,1,1.0
pero,ya,veremos.,1,2,0.5
ya,veremos.,</s>,1,1,1.0
veremos.,</s>,<s>,1,1,1.0
</s>,<s>,Fuimos,1,487,0.002053388090349076
<s>,Fuimos,al,1,1,1.0
Fuimos,al,Paisa.,1,1,1.0
al,Paisa.,</s>,1,1,1.0
Paisa.,</s>,<s>,1,1,1.0
<s>,Ahorita,vamos,1,2,0.5
Ahorita,vamos,a,1,1,1.0
a,la,escuela,1,14,0.07142857142857142
la,escuela,a,1,1,1.0
escuela,a,hacerme,1,1,1.0
a,hacerme,un,1,1,1.0
hacerme,un,certificado,1,1,1.0
un,certificado,médico.,1,1,1.0
certificado,médico.,</s>,1,1,1.0
</s>,<s>,Un,1,487,0.002053388090349076
<s>,Un,poco,1,1,1.0
Un,poco,de,1,1,1.0
poco,de,pastor.,1,2,0.5
de,pastor.,</s>,1,1,1.0
pastor.,</s>,<s>,1,1,1.0
<s>,Aquí,en,1,3,0.3333333333333333
Aquí,en,"Batiz,",1,1,1.0
en,"Batiz,",ya,1,1,1.0
"Batiz,",ya,estoy,1,1,1.0
ya,estoy,por,1,3,0.3333333333333333
estoy,por,terminar.,1,1,1.0
por,terminar.,</s>,1,1,1.0
terminar.,</s>,<s>,1,1,1.0
Ya,estoy,dentro.,1,8,0.125
estoy,dentro.,</s>,1,1,1.0
dentro.,</s>,<s>,1,1,1.0
</s>,<s>,¿Quieres,1,487,0.002053388090349076
<s>,¿Quieres,que,1,1,1.0
¿Quieres,que,la,1,1,1.0
que,la,vea?,1,4,0.25
la,vea?,</s>,1,1,1.0
vea?,</s>,<s>,1,1,1.0
<s>,"Jajaja,",puedes,1,15,0.06666666666666667
"Jajaja,",puedes,usar,1,1,1.0
puedes,usar,las,1,1,1.0
usar,las,notas,1,1,1.0
las,notas,de,1,1,1.0
notas,de,tu,1,1,1.0
de,tu,celular.,1,1,1.0
tu,celular.,</s>,1,1,1.0
celular.,</s>,<s>,1,1,1.0
<s>,Ya,sabes,1,52,0.019230769230769232
Ya,sabes,que,1,1,1.0
sabes,que,siempre,1,1,1.0
que,siempre,tengo,1,1,1.0
siempre,tengo,"sueño,",1,1,1.0
tengo,"sueño,",entonces,1,1,1.0
"sueño,",entonces,no,1,1,1.0
entonces,no,hay,1,1,1.0
no,hay,diferencia.,1,2,0.5
hay,diferencia.,</s>,1,1,1.0
diferencia.,</s>,<s>,1,1,1.0
Ya,me,abastecí,1,3,0.3333333333333333
me,abastecí,"bien,",1,1,1.0
abastecí,"bien,",eh.,1,1,1.0
"bien,",eh.,</s>,1,1,1.0
eh.,</s>,<s>,1,1,1.0
<s>,Con,600,1,3,0.3333333333333333
Con,600,pesos,1,1,1.0
600,pesos,compré,1,1,1.0
pesos,compré,para,1,1,1.0
compré,para,2,1,1,1.0
para,2,semanas,1,1,1.0
2,semanas,yo,1,1,1.0
semanas,yo,digo.,1,1,1.0
yo,digo.,</s>,1,1,1.0
digo.,</s>,<s>,1,1,1.0
<s>,Hay,cosas,1,2,0.5
Hay,cosas,que,1,1,1.0
cosas,que,son,1,1,1.0
que,son,más,1,2,0.5
son,más,baratas,1,1,1.0
más,baratas,que,1,1,1.0
baratas,que,en,1,1,1.0
que,en,Mexico.,1,1,1.0
en,Mexico.,</s>,1,1,1.0
Mexico.,</s>,<s>,1,1,1.0
</s>,<s>,"Mhmhm,",1,487,0.002053388090349076
<s>,"Mhmhm,",con,1,1,1.0
"Mhmhm,",con,30,1,1,1.0
con,30,euracos.,1,1,1.0
30,euracos.,</s>,1,1,1.0
euracos.,</s>,<s>,1,1,1.0
También,te,"amo,",1,3,0.3333333333333333
te,"amo,",ma.,1,1,1.0
"amo,",ma.,</s>,1,1,1.0
</s>,<s>,Saludos.,1,487,0.002053388090349076
<s>,Saludos.,</s>,1,1,1.0
Saludos.,</s>,<s>,1,1,1.0
<s>,Buena,noche.,1,2,0.5
Buena,noche.,</s>,1,1,1.0
noche.,</s>,<s>,1,1,1.0
</s>,<s>,Espero,1,487,0.002053388090349076
<s>,Espero,se,1,1,1.0
Espero,se,la,1,1,1.0
Igual,ya,llegue,1,2,0.5
ya,llegue,a,1,1,1.0
llegue,a,Bucarest.,1,3,0.3333333333333333
a,Bucarest.,</s>,1,1,1.0
Bucarest.,</s>,<s>,1,1,1.0
<s>,Pásenla,chido.,1,4,0.25
Pásenla,chido.,</s>,1,1,1.0
También,te,"amamos,",1,3,0.3333333333333333
te,"amamos,",Ale.,1,1,1.0
"amamos,",Ale.,</s>,1,1,1.0
<s>,Pásenla,increíble.,1,4,0.25
Pásenla,increíble.,</s>,1,1,1.0
"Jajaja,",que,bien,1,2,0.5
bien,que,se,1,3,0.3333333333333333
estén,pasando,chido.,1,2,0.5
pasando,chido.,</s>,1,1,1.0
"Jajaja,",que,"bien,",1,2,0.5
que,"bien,",ma.,1,1,1.0
</s>,<s>,Síganla,1,487,0.002053388090349076
<s>,Síganla,pasando,1,1,1.0
Síganla,pasando,increíble.,1,1,1.0
</s>,<s>,Muchos,1,487,0.002053388090349076
<s>,Muchos,abrazos,1,1,1.0
Muchos,abrazos,y,1,1,1.0
abrazos,y,besos.,1,1,1.0
y,besos.,</s>,1,1,1.0
besos.,</s>,<s>,1,1,1.0
<s>,Me,encanta,1,4,0.25
Me,encanta,que,1,1,1.0
encanta,que,se,1,1,1.0
estén,pasando,increíble.,1,2,0.5
</s>,<s>,Llego,1,487,0.002053388090349076
<s>,Llego,mañana,1,1,1.0
Llego,mañana,como,1,1,1.0
mañana,como,por,1,1,1.0
como,por,las,1,1,1.0
por,las,"10,",1,1,1.0
las,"10,",díganme,1,1,1.0
"10,",díganme,por,1,1,1.0
díganme,por,dónde,1,1,1.0
por,dónde,andan,1,1,1.0
dónde,andan,y,1,1,1.0
andan,y,las,1,1,1.0
y,las,veo,1,1,1.0
las,veo,por,1,1,1.0
veo,por,ahí.,1,1,1.0
por,ahí.,</s>,1,1,1.0
</s>,<s>,O,1,487,0.002053388090349076
<s>,O,mejor,1,1,1.0
O,mejor,venganse,1,1,1.0
mejor,venganse,a,1,1,1.0
venganse,a,mi,1,1,1.0
a,mi,"casa,",1,1,1.0
mi,"casa,",para,1,1,1.0
"casa,",para,que,1,1,1.0
para,que,la,1,4,0.25
que,la,conozcan,1,4,0.25
la,conozcan,y,1,1,1.0
conozcan,y,puedo,1,1,1.0
y,puedo,dejar,1,1,1.0
puedo,dejar,mis,1,1,1.0
dejar,mis,cosas.,1,1,1.0
mis,cosas.,</s>,1,1,1.0
cosas.,</s>,<s>,1,1,1.0
</s>,<s>,Esta,1,487,0.002053388090349076
<s>,Esta,es,1,1,1.0
Esta,es,la,1,1,1.0
es,la,dirección:,1,1,1.0
la,dirección:,Calle,1,1,1.0
dirección:,Calle,de,1,1,1.0
Calle,de,Rafael,1,1,1.0
de,Rafael,Fernández,1,1,1.0
Rafael,Fernández,Hijicos,1,1,1.0
Fernández,Hijicos,25.,1,1,1.0
Hijicos,25.,</s>,1,1,1.0
25.,</s>,<s>,1,1,1.0
</s>,<s>,Pueden,1,487,0.002053388090349076
<s>,Pueden,tomar,1,1,1.0
Pueden,tomar,la,1,1,1.0
tomar,la,línea,1,1,1.0
la,línea,1,1,1,1.0
línea,1,y,1,1,1.0
1,y,bajarse,1,1,1.0
y,bajarse,en,1,1,1.0
bajarse,en,Miguel,1,1,1.0
en,Miguel,Hernández.,1,1,1.0
Miguel,Hernández.,</s>,1,1,1.0
Hernández.,</s>,<s>,1,1,1.0
"Oh,","ok,",entonces,1,2,0.5
"ok,",entonces,pásenla,1,1,1.0
entonces,pásenla,"bien,",1,1,1.0
pásenla,"bien,",luego,1,1,1.0
"bien,",luego,nos,1,1,1.0
luego,nos,vemos.,1,1,1.0
nos,vemos.,</s>,1,1,1.0
vemos.,</s>,<s>,1,1,1.0
<s>,"Hola,",ma.,1,7,0.14285714285714285
"Hola,",ma.,</s>,1,1,1.0
<s>,Ando,en,1,2,0.5
Ando,en,un,1,1,1.0
en,un,barco.,1,3,0.3333333333333333
un,barco.,</s>,1,1,1.0
barco.,</s>,<s>,1,1,1.0
</s>,<s>,Más,1,487,0.002053388090349076
<s>,Más,tarde,1,1,1.0
Más,tarde,estoy,1,1,1.0
tarde,estoy,en,1,1,1.0
<s>,"Hola,",mamá,1,7,0.14285714285714285
"Hola,",mamá,y,1,1,1.0
mamá,y,hermano.,1,1,1.0
y,hermano.,</s>,1,1,1.0
</s>,<s>,Acá,1,487,0.002053388090349076
<s>,Acá,ando,1,1,1.0
Acá,ando,trabajando,1,1,1.0
ando,trabajando,en,1,1,1.0
en,el,curso,1,13,0.07692307692307693
el,curso,de,1,2,0.5
curso,de,Madrid.,1,1,1.0
de,Madrid.,</s>,1,1,1.0
Madrid.,</s>,<s>,1,1,1.0
<s>,Ya,les,1,52,0.019230769230769232
Ya,les,cuento,1,1,1.0
les,cuento,después.,1,1,1.0
cuento,después.,</s>,1,1,1.0
después.,</s>,<s>,1,1,1.0
También,te,amamos,1,3,0.3333333333333333
te,amamos,"mucho,",1,1,1.0
amamos,"mucho,",Ale.,1,1,1.0
"mucho,",Ale.,</s>,1,1,1.0
<s>,Que,es,1,16,0.0625
Que,es,"eso,",1,1,1.0
es,"eso,","Ale,",1,1,1.0
"eso,","Ale,",jajaja?,1,1,1.0
"Ale,",jajaja?,</s>,1,1,1.0
jajaja?,</s>,<s>,1,1,1.0
Muy,"bien,","ma,",1,3,0.3333333333333333
"bien,","ma,",disfruta.,1,1,1.0
"ma,",disfruta.,</s>,1,1,1.0
disfruta.,</s>,<s>,1,1,1.0
<s>,"Jajaja,",hijo,1,15,0.06666666666666667
"Jajaja,",hijo,de,1,1,1.0
hijo,de,la,1,1,1.0
de,la,verga.,1,5,0.2
la,verga.,</s>,1,1,1.0
verga.,</s>,<s>,1,1,1.0
<s>,"Jajaja,","bien,",1,15,0.06666666666666667
"Jajaja,","bien,","Ale,",1,1,1.0
"bien,","Ale,",ahí,1,1,1.0
"Ale,",ahí,disfrutando.,1,1,1.0
ahí,disfrutando.,</s>,1,1,1.0
disfrutando.,</s>,<s>,1,1,1.0
</s>,<s>,"Miren,",1,487,0.002053388090349076
<s>,"Miren,",mejore,1,1,1.0
"Miren,",mejore,algunas,1,1,1.0
mejore,algunas,fotos,1,1,1.0
algunas,fotos,con,1,1,1.0
fotos,con,"IA,",1,1,1.0
con,"IA,",¿que,1,1,1.0
"IA,",¿que,les,1,1,1.0
¿que,les,parece?,1,1,1.0
les,parece?,</s>,1,1,1.0
<s>,Si,quieren,1,11,0.09090909090909091
Si,quieren,puedo,1,1,1.0
quieren,puedo,mejorar,1,1,1.0
puedo,mejorar,fotos,1,1,1.0
mejorar,fotos,que,1,1,1.0
fotos,que,me,1,1,1.0
que,me,manden.,1,9,0.1111111111111111
me,manden.,</s>,1,1,1.0
manden.,</s>,<s>,1,1,1.0
<s>,Con,una,1,3,0.3333333333333333
Con,una,aplicación,1,1,1.0
una,aplicación,que,1,1,1.0
aplicación,que,se,1,1,1.0
se,llama,Remini.,1,2,0.5
llama,Remini.,</s>,1,1,1.0
Remini.,</s>,<s>,1,1,1.0
<s>,También,crea,1,5,0.2
También,crea,nuevas,1,1,1.0
crea,nuevas,fotos,1,1,1.0
nuevas,fotos,a,1,1,1.0
fotos,a,partir,1,1,1.0
a,partir,de,1,1,1.0
partir,de,las,1,1,1.0
de,las,que,1,6,0.16666666666666666
las,que,ya,1,1,1.0
que,ya,se,1,3,0.3333333333333333
ya,se,tengan.,1,1,1.0
se,tengan.,</s>,1,1,1.0
tengan.,</s>,<s>,1,1,1.0
</s>,<s>,Mejora,1,487,0.002053388090349076
<s>,Mejora,un,1,1,1.0
Mejora,un,poquito.,1,1,1.0
un,poquito.,</s>,1,1,1.0
poquito.,</s>,<s>,1,1,1.0
<s>,La,pase,1,2,0.5
La,pase,otra,1,1,1.0
pase,otra,vez.,1,1,1.0
otra,vez.,</s>,1,1,1.0
vez.,</s>,<s>,1,1,1.0
<s>,Dale,con,1,2,0.5
Dale,con,todo.,1,1,1.0
con,todo.,</s>,1,1,1.0
todo.,</s>,<s>,1,1,1.0
<s>,"Jajaja,",la,1,15,0.06666666666666667
"Jajaja,",la,Ale.,1,1,1.0
la,Ale.,</s>,1,1,1.0
</s>,<s>,"Ahhh,",1,487,0.002053388090349076
<s>,"Ahhh,",pos,1,1,1.0
"Ahhh,",pos,toy,1,1,1.0
pos,toy,cansado.,1,1,1.0
toy,cansado.,</s>,1,1,1.0
cansado.,</s>,<s>,1,1,1.0
<s>,"Jajaja,",acabo,1,15,0.06666666666666667
"Jajaja,",acabo,de,1,1,1.0
acabo,de,ver,1,1,1.0
de,ver,pasar,1,1,1.0
ver,pasar,a,1,1,1.0
pasar,a,Wendy,1,1,1.0
a,Wendy,Guevara,1,1,1.0
Wendy,Guevara,enfrente,1,1,1.0
Guevara,enfrente,de,1,1,1.0
enfrente,de,mi.,1,1,1.0
de,mi.,</s>,1,1,1.0
mi.,</s>,<s>,1,1,1.0
"No,",no,maches.,1,2,0.5
no,maches.,</s>,1,1,1.0
maches.,</s>,<s>,1,1,1.0
</s>,<s>,Estaría,1,487,0.002053388090349076
<s>,Estaría,raro.,1,1,1.0
Estaría,raro.,</s>,1,1,1.0
raro.,</s>,<s>,1,1,1.0
<s>,"No,",es,1,15,0.06666666666666667
"No,",es,"bajita,",1,1,1.0
es,"bajita,",yo,1,1,1.0
"bajita,",yo,creo,1,1,1.0
creo,que,mide,1,10,0.1
que,mide,1.65.,1,1,1.0
mide,1.65.,</s>,1,1,1.0
1.65.,</s>,<s>,1,1,1.0
</s>,<s>,Unas,1,487,0.002053388090349076
<s>,Unas,"locales,",1,1,1.0
Unas,"locales,",de,1,1,1.0
"locales,",de,llaman,1,1,1.0
de,llaman,HM,1,1,1.0
llaman,HM,</s>,1,1,1.0
HM,</s>,<s>,1,1,1.0
<s>,"Jajaja,",no,1,15,0.06666666666666667
"Jajaja,",no,"se,",1,1,1.0
no,"se,",solo,1,1,1.0
"se,",solo,decían,1,1,1.0
solo,decían,HM,1,1,1.0
decían,HM,Hamburguesas.,1,1,1.0
HM,Hamburguesas.,</s>,1,1,1.0
Hamburguesas.,</s>,<s>,1,1,1.0
</s>,<s>,Sigan,1,487,0.002053388090349076
<s>,Sigan,divirtiéndose.,1,1,1.0
Sigan,divirtiéndose.,</s>,1,1,1.0
divirtiéndose.,</s>,<s>,1,1,1.0
</s>,<s>,Pásala,1,487,0.002053388090349076
<s>,Pásala,bien.,1,1,1.0
Pásala,bien.,</s>,1,1,1.0
<s>,"Bien,",Ale.,1,3,0.3333333333333333
"Bien,",Ale.,</s>,1,1,1.0
Aquí,estamos,en,1,2,0.5
en,la,feria,1,16,0.0625
la,feria,de,1,1,1.0
feria,de,Cali.,1,1,1.0
de,Cali.,</s>,1,1,1.0
Cali.,</s>,<s>,1,1,1.0
<s>,Hoy,es,1,2,0.5
Hoy,es,"salsodromo,",1,1,1.0
es,"salsodromo,",entonces,1,1,1.0
"salsodromo,",entonces,nos,1,1,1.0
entonces,nos,están,1,1,1.0
nos,están,dando,1,1,1.0
están,dando,una,1,1,1.0
dando,una,clase,1,1,1.0
una,clase,de,1,1,1.0
clase,de,salsa,1,1,1.0
de,salsa,caleña.,1,1,1.0
salsa,caleña.,</s>,1,1,1.0
caleña.,</s>,<s>,1,1,1.0
<s>,"Jajaja,","si,",1,15,0.06666666666666667
"Jajaja,","si,","Ale,",1,1,1.0
"si,","Ale,",no,1,1,1.0
"Ale,",no,te,1,1,1.0
no,te,preocupes.,1,2,0.5
te,preocupes.,</s>,1,1,1.0
preocupes.,</s>,<s>,1,1,1.0
<s>,"Ok,","ma,",1,8,0.125
"Ok,","ma,",que,1,1,1.0
"ma,",que,todo,1,1,1.0
que,todo,salga,1,2,0.5
todo,salga,bien.,1,1,1.0
salga,bien.,</s>,1,1,1.0
</s>,<s>,Ay,1,487,0.002053388090349076
<s>,Ay,"si,",1,1,1.0
Ay,"si,",ay,1,1,1.0
"si,",ay,si.,1,1,1.0
ay,si.,</s>,1,1,1.0
si.,</s>,<s>,1,1,1.0
<s>,Si,yo,1,11,0.09090909090909091
Si,yo,ni,1,1,1.0
yo,ni,tomo.,1,1,1.0
ni,tomo.,</s>,1,1,1.0
tomo.,</s>,<s>,1,1,1.0
<s>,Te,amo,1,3,0.3333333333333333
Te,amo,"mucho,",1,1,1.0
amo,"mucho,",ma.,1,1,1.0
"mucho,",ma.,</s>,1,1,1.0
</s>,<s>,Tengan,1,487,0.002053388090349076
<s>,Tengan,un,1,1,1.0
Tengan,un,excelente,1,1,1.0
un,excelente,viaje.,1,1,1.0
excelente,viaje.,</s>,1,1,1.0
viaje.,</s>,<s>,1,1,1.0
</s>,<s>,Parece,1,487,0.002053388090349076
<s>,Parece,Pokémon,1,1,1.0
Parece,Pokémon,</s>,1,1,1.0
Pokémon,</s>,<s>,1,1,1.0
<s>,"Jajaja,",muy,1,15,0.06666666666666667
"Jajaja,",muy,bien.,1,1,1.0
<s>,"Jajaja,",Que,1,15,0.06666666666666667
"Jajaja,",Que,"Rico,",1,1,1.0
Que,"Rico,",del,1,1,1.0
"Rico,",del,mismo,1,1,1.0
del,mismo,lugar,1,1,1.0
mismo,lugar,de,1,1,1.0
lugar,de,DELFIN?,1,1,1.0
de,DELFIN?,</s>,1,1,1.0
DELFIN?,</s>,<s>,1,1,1.0
</s>,<s>,"Uff,",1,487,0.002053388090349076
<s>,"Uff,",Que,1,1,1.0
"Uff,",Que,bien,1,1,1.0
Que,bien,Que,1,5,0.2
bien,Que,todo,1,1,1.0
Que,todo,salió,1,1,1.0
todo,salió,bien.,1,1,1.0
salió,bien.,</s>,1,1,1.0
<s>,No,creo,1,3,0.3333333333333333
No,creo,ver,1,1,1.0
creo,ver,"Godzilla,",1,1,1.0
ver,"Godzilla,",jajaja.,1,1,1.0
"Godzilla,",jajaja.,</s>,1,1,1.0
<s>,Como,se,1,6,0.16666666666666666
se,la,están,1,7,0.14285714285714285
la,están,pasando?,1,2,0.5
están,pasando?,</s>,1,1,1.0
pasando?,</s>,<s>,1,1,1.0
</s>,<s>,Cuando,1,487,0.002053388090349076
<s>,Cuando,regresan,1,1,1.0
Cuando,regresan,a,1,1,1.0
regresan,a,la,1,1,1.0
a,la,CDMX?,1,14,0.07142857142857142
la,CDMX?,</s>,1,1,1.0
CDMX?,</s>,<s>,1,1,1.0
<s>,"Va,",pues,1,2,0.5
"Va,",pues,disfruten,1,1,1.0
pues,disfruten,y,1,1,1.0
disfruten,y,pásenla,1,1,1.0
y,pásenla,muy,1,1,1.0
pásenla,muy,bien.,1,1,1.0
<s>,Yo,hoy,1,6,0.16666666666666666
Yo,hoy,llego,1,1,1.0
hoy,llego,a,1,1,1.0
llego,a,las,1,1,1.0
a,las,11pm,1,9,0.1111111111111111
las,11pm,a,1,1,1.0
11pm,a,"CDMX,",1,1,1.0
a,"CDMX,",vamos,1,1,1.0
"CDMX,",vamos,directo,1,1,1.0
vamos,directo,al,1,1,1.0
directo,al,airbnb.,1,1,1.0
al,airbnb.,</s>,1,1,1.0
airbnb.,</s>,<s>,1,1,1.0
Que,"bien,",disfruten.,1,8,0.125
"bien,",disfruten.,</s>,1,1,1.0
disfruten.,</s>,<s>,1,1,1.0
<s>,Ya,aterrizamos.,1,52,0.019230769230769232
Ya,aterrizamos.,</s>,1,1,1.0
aterrizamos.,</s>,<s>,1,1,1.0
en,el,depto.,1,13,0.07692307692307693
el,depto.,</s>,1,1,1.0
depto.,</s>,<s>,1,1,1.0
en,la,barbaca.,1,16,0.0625
la,barbaca.,</s>,1,1,1.0
barbaca.,</s>,<s>,1,1,1.0
Ya,estamos,</s>,1,4,0.25
estamos,</s>,<s>,1,1,1.0
<s>,"Ma,",como,1,2,0.5
"Ma,",como,le,1,1,1.0
como,le,fue,1,1,1.0
le,fue,a,1,1,1.0
fue,a,Ale?,1,1,1.0
a,Ale?,</s>,1,1,1.0
Ale?,</s>,<s>,1,1,1.0
<s>,"Felicidades,",mi,1,3,0.3333333333333333
"Felicidades,",mi,Doc!,1,1,1.0
mi,Doc!,🎉🎉,1,1,1.0
Doc!,🎉🎉,</s>,1,1,1.0
🎉🎉,</s>,<s>,1,1,1.0
"Jajaja,",esta,bien,1,2,0.5
esta,bien,bonito,1,1,1.0
bien,bonito,</s>,1,1,1.0
bonito,</s>,<s>,1,1,1.0
Muy,bien,</s>,1,2,0.5
<s>,"Jajaja,",hasta,1,15,0.06666666666666667
"Jajaja,",hasta,ya,1,1,1.0
hasta,ya,pones,1,1,1.0
ya,pones,el,1,1,1.0
pones,el,hahaha,1,1,1.0
el,hahaha,americano,1,1,1.0
hahaha,americano,</s>,1,1,1.0
americano,</s>,<s>,1,1,1.0
<s>,"No,",eso,1,15,0.06666666666666667
"No,",eso,ya,1,1,1.0
eso,ya,"está,",1,2,0.5
ya,"está,",Ale.,1,1,1.0
"está,",Ale.,</s>,1,1,1.0
<s>,Ya,lo,1,52,0.019230769230769232
Ya,lo,intentamos,1,2,0.5
lo,intentamos,varias,1,1,1.0
intentamos,varias,veces,1,1,1.0
varias,veces,</s>,1,1,1.0
veces,</s>,<s>,1,1,1.0
<s>,"Jajaja,",a,1,15,0.06666666666666667
"Jajaja,",a,la,1,1,1.0
a,la,"verga,",1,14,0.07142857142857142
la,"verga,",que,1,1,1.0
"verga,",que,mala,1,1,1.0
que,mala,onda,1,1,1.0
mala,onda,</s>,1,1,1.0
onda,</s>,<s>,1,1,1.0
<s>,Igual,a,1,3,0.3333333333333333
Igual,a,</s>,1,1,1.0
a,</s>,<s>,1,1,1.0
</s>,<s>,mi,1,487,0.002053388090349076
<s>,mi,mamá,1,1,1.0
mi,mamá,</s>,1,1,1.0
</s>,<s>,Saludillos,1,487,0.002053388090349076
<s>,Saludillos,</s>,1,1,1.0
Saludillos,</s>,<s>,1,1,1.0
estamos,en,"camino,",1,4,0.25
en,"camino,",llegamos,1,1,1.0
"camino,",llegamos,a,1,1,1.0
llegamos,a,las,1,1,1.0
a,las,9,1,9,0.1111111111111111
las,9,</s>,1,1,1.0
9,</s>,<s>,1,1,1.0
</s>,<s>,Eje,1,487,0.002053388090349076
<s>,Eje,central,1,1,1.0
Eje,central,Lázaro,1,1,1.0
central,Lázaro,Cardenas,1,1,1.0
Lázaro,Cardenas,1040,1,1,1.0
Cardenas,1040,</s>,1,1,1.0
1040,</s>,<s>,1,1,1.0
</s>,<s>,6:30,1,487,0.002053388090349076
<s>,6:30,</s>,1,1,1.0
6:30,</s>,<s>,1,1,1.0
<s>,Ya,llegamos,1,52,0.019230769230769232
Ya,llegamos,</s>,1,1,1.0
llegamos,</s>,<s>,1,1,1.0
</s>,<s>,"Que,",1,487,0.002053388090349076
<s>,"Que,",como,1,1,1.0
"Que,",como,se,1,1,1.0
como,se,va,1,1,1.0
va,a,parecer,1,6,0.16666666666666666
a,parecer,a,1,1,1.0
parecer,a,ti?,1,1,1.0
a,ti?,</s>,1,1,1.0
ti?,</s>,<s>,1,1,1.0
</s>,<s>,Ese,1,487,0.002053388090349076
<s>,Ese,es,1,1,1.0
Ese,es,chino,1,1,1.0
es,chino,y,1,1,1.0
chino,y,deforme,1,1,1.0
y,deforme,</s>,1,1,1.0
deforme,</s>,<s>,1,1,1.0
<s>,Yo,unos,1,6,0.16666666666666666
Yo,unos,"nerds,",1,1,1.0
unos,"nerds,",por,1,1,1.0
"nerds,",por,"fa,",1,1,1.0
por,"fa,",Ale,1,1,1.0
"fa,",Ale,</s>,1,1,1.0
</s>,<s>,Los,1,487,0.002053388090349076
<s>,Los,chochitos,1,1,1.0
Los,chochitos,son,1,1,1.0
chochitos,son,los,1,1,1.0
son,los,chidos,1,3,0.3333333333333333
los,chidos,</s>,1,1,1.0
chidos,</s>,<s>,1,1,1.0
<s>,Muy,"chido,",1,6,0.16666666666666666
Muy,"chido,",Ale.,1,1,1.0
"chido,",Ale.,</s>,1,1,1.0
Que,bien,que,1,5,0.2
bien,que,pudiste,1,3,0.3333333333333333
que,pudiste,vivir,1,1,1.0
pudiste,vivir,</s>,1,1,1.0
vivir,</s>,<s>,1,1,1.0
</s>,<s>,eso,1,487,0.002053388090349076
<s>,eso,</s>,1,1,1.0
<s>,Ya,entre,1,52,0.019230769230769232
Ya,entre,sin,1,1,1.0
entre,sin,problema,1,1,1.0
<s>,Yo,creo,1,6,0.16666666666666666
Yo,creo,que,1,1,1.0
creo,que,despego,1,10,0.1
que,despego,en,1,1,1.0
despego,en,10,1,1,1.0
en,10,</s>,1,1,1.0
10,</s>,<s>,1,1,1.0
<s>,Ya,vamos,1,52,0.019230769230769232
Ya,vamos,a,1,1,1.0
a,la,pista,1,14,0.07142857142857142
la,pista,</s>,1,1,1.0
pista,</s>,<s>,1,1,1.0
<s>,Voy,camino,1,3,0.3333333333333333
Voy,camino,a,1,1,1.0
camino,a,migración,1,2,0.5
a,migración,</s>,1,1,1.0
migración,</s>,<s>,1,1,1.0
<s>,Hay,</s>,1,2,0.5
Hay,</s>,<s>,1,1,1.0
</s>,<s>,poca,1,487,0.002053388090349076
<s>,poca,</s>,1,1,1.0
poca,</s>,<s>,1,1,1.0
voy,para,afuera,1,3,0.3333333333333333
para,afuera,</s>,1,1,1.0
afuera,</s>,<s>,1,1,1.0
<s>,Ya,aborde,1,52,0.019230769230769232
Ya,aborde,el,1,1,1.0
aborde,el,avión,1,1,1.0
la,puerta,1,1,2,0.5
puerta,1,</s>,1,1,1.0
1,</s>,<s>,1,1,1.0
estamos,en,"casa,",1,4,0.25
en,"casa,",</s>,1,1,1.0
"casa,",</s>,<s>,1,1,1.0
"Jajaja,",esta,chistoso,1,2,0.5
esta,chistoso,ese,1,1,1.0
chistoso,ese,bebé,1,1,1.0
ese,bebé,</s>,1,1,1.0
bebé,</s>,<s>,1,1,1.0
voy,a,despegar,1,5,0.2
a,despegar,</s>,1,1,1.0
<s>,"Gracias,",ya,1,5,0.2
"Gracias,",ya,estoy,1,1,1.0
ya,estoy,en,1,3,0.3333333333333333
estoy,en,parís,1,7,0.14285714285714285
en,parís,</s>,1,1,1.0
parís,</s>,<s>,1,1,1.0
Ya,estoy,con,1,8,0.125
estoy,con,Vanni.,1,1,1.0
con,Vanni.,</s>,1,1,1.0
Vanni.,</s>,<s>,1,1,1.0
</s>,<s>,Estamos,1,487,0.002053388090349076
<s>,Estamos,camino,1,1,1.0
Estamos,camino,a,1,1,1.0
camino,a,su,1,2,0.5
a,su,casa,1,2,0.5
su,casa,</s>,1,1,1.0
<s>,Pásenla,muy,1,4,0.25
Pásenla,muy,bien,1,1,1.0
muy,bien,</s>,1,3,0.3333333333333333
<s>,Estoy,a,1,5,0.2
Estoy,a,dos,1,1,1.0
a,dos,horas,1,1,1.0
dos,horas,de,1,1,1.0
horas,de,despegar,1,1,1.0
de,despegar,</s>,1,1,1.0
Ya,estoy,camino,1,8,0.125
estoy,camino,"allá,",1,1,1.0
camino,"allá,",tienen,1,1,1.0
"allá,",tienen,internet,1,1,1.0
tienen,internet,para,1,1,1.0
internet,para,mensajes,1,1,1.0
para,mensajes,gratis,1,1,1.0
mensajes,gratis,</s>,1,1,1.0
gratis,</s>,<s>,1,1,1.0
Estoy,en,"KLM,",1,3,0.3333333333333333
en,"KLM,",es,1,1,1.0
"KLM,",es,bueno,1,1,1.0
es,bueno,ehh.,1,1,1.0
bueno,ehh.,</s>,1,1,1.0
ehh.,</s>,<s>,1,1,1.0
<s>,Te,dan,1,3,0.3333333333333333
Te,dan,botellita,1,1,1.0
dan,botellita,de,1,1,1.0
botellita,de,agua,1,1,1.0
de,agua,y,1,1,1.0
agua,y,una,1,1,1.0
y,una,toallitas,1,1,1.0
una,toallitas,húmeda,1,1,1.0
toallitas,húmeda,al,1,1,1.0
húmeda,al,principio.,1,1,1.0
al,principio.,</s>,1,1,1.0
principio.,</s>,<s>,1,1,1.0
<s>,Y,tienen,1,4,0.25
Y,tienen,un,1,1,1.0
tienen,un,buen,1,1,1.0
un,buen,de,1,2,0.5
buen,de,películas,1,1,1.0
de,películas,buenas.,1,1,1.0
películas,buenas.,</s>,1,1,1.0
buenas.,</s>,<s>,1,1,1.0
<s>,El,espacio,1,2,0.5
El,espacio,creo,1,1,1.0
espacio,creo,que,1,1,1.0
creo,que,está,1,10,0.1
que,está,bien,1,1,1.0
<s>,"Ma,",aterrizo,1,2,0.5
"Ma,",aterrizo,en,1,1,1.0
aterrizo,en,23,1,1,1.0
en,23,min,1,1,1.0
23,min,</s>,1,1,1.0
min,</s>,<s>,1,1,1.0
</s>,<s>,Cuanto,1,487,0.002053388090349076
<s>,Cuanto,te,1,1,1.0
Cuanto,te,haces?,1,1,1.0
te,haces?,</s>,1,1,1.0
haces?,</s>,<s>,1,1,1.0
<s>,Entonces,cuando,1,5,0.2
Entonces,cuando,</s>,1,1,1.0
cuando,</s>,<s>,1,1,1.0
</s>,<s>,aterricé,1,487,0.002053388090349076
<s>,aterricé,</s>,1,1,1.0
</s>,<s>,Listooo,1,487,0.002053388090349076
<s>,Listooo,Saque,1,1,1.0
Listooo,Saque,10,1,1,1.0
Saque,10,en,1,1,1.0
10,en,el,1,2,0.5
en,el,TT,1,13,0.07692307692307693
el,TT,</s>,1,1,1.0
TT,</s>,<s>,1,1,1.0
<s>,Gracias,Ale,1,5,0.2
Gracias,Ale,</s>,1,1,1.0
<s>,Ando,viendo,1,2,0.5
Ando,viendo,pero,1,1,1.0
viendo,pero,todavía,1,1,1.0
pero,todavía,no,1,1,1.0
todavía,no,se,1,1,1.0
no,se,hace,1,4,0.25
se,hace,nada,1,1,1.0
hace,nada,</s>,1,1,1.0
nada,</s>,<s>,1,1,1.0
<s>,"Va,",ma,1,2,0.5
"Va,",ma,En,1,1,1.0
ma,En,cuanto,1,1,1.0
En,cuanto,llegues,1,1,1.0
cuanto,llegues,a,1,1,1.0
llegues,a,casa,1,1,1.0
a,casa,nos,1,2,0.5
casa,nos,vamos,1,1,1.0
nos,vamos,al,1,1,1.0
vamos,al,Chili’s,1,1,1.0
al,Chili’s,</s>,1,1,1.0
Chili’s,</s>,<s>,1,1,1.0
Que,bien,Ale,1,5,0.2
bien,Ale,Pásenla,1,2,0.5
Ale,Pásenla,chido,1,1,1.0
Pásenla,chido,</s>,1,1,1.0
</s>,<s>,Pasala,1,487,0.002053388090349076
<s>,Pasala,muy,1,1,1.0
Pasala,muy,bien,1,1,1.0
<s>,Jajaja,muy,1,4,0.25
Jajaja,muy,bien,1,1,1.0
<s>,Jajaja,ay,1,4,0.25
Jajaja,ay,ma,1,1,1.0
ay,ma,</s>,1,1,1.0
</s>,<s>,yo,1,487,0.002053388090349076
<s>,yo,les,1,1,1.0
yo,les,recomendaría,1,1,1.0
les,recomendaría,ver,1,1,1.0
recomendaría,ver,en,1,1,1.0
ver,en,booking,1,2,0.5
en,booking,y,1,1,1.0
booking,y,comparar,1,1,1.0
y,comparar,los,1,1,1.0
comparar,los,precios,1,1,1.0
los,precios,en,1,1,1.0
precios,en,las,1,1,1.0
en,las,paginas,1,2,0.5
las,paginas,de,1,1,1.0
paginas,de,las,1,1,1.0
de,las,compañías,1,6,0.16666666666666666
las,compañías,</s>,1,1,1.0
compañías,</s>,<s>,1,1,1.0
</s>,<s>,Quien,1,487,0.002053388090349076
<s>,Quien,es,1,1,1.0
Quien,es,</s>,1,1,1.0
es,</s>,<s>,1,1,1.0
</s>,<s>,Ohhh,1,487,0.002053388090349076
<s>,Ohhh,disfruta,1,1,1.0
Ohhh,disfruta,mucho,1,1,1.0
disfruta,mucho,</s>,1,1,1.0
mucho,</s>,<s>,1,1,1.0
Que,bien,</s>,1,5,0.2
<s>,Ale,Disfruta,1,3,0.3333333333333333
Ale,Disfruta,</s>,1,1,1.0
Disfruta,</s>,<s>,1,1,1.0
<s>,Me,voy,1,4,0.25
Me,voy,hasta,1,1,1.0
voy,hasta,la,1,1,1.0
hasta,la,1,1,2,0.5
la,1,al,1,3,0.3333333333333333
1,al,ato,1,1,1.0
al,ato,</s>,1,1,1.0
ato,</s>,<s>,1,1,1.0
<s>,"No,",ando,1,15,0.06666666666666667
"No,",ando,la,1,1,1.0
ando,la,copa,1,1,1.0
la,copa,America,1,1,1.0
copa,America,</s>,1,1,1.0
America,</s>,<s>,1,1,1.0
en,el,avión,1,13,0.07692307692307693
<s>,Gracias,ma,1,5,0.2
Gracias,ma,</s>,1,1,1.0
</s>,<s>,Bien,1,487,0.002053388090349076
<s>,Bien,ando,1,1,1.0
Bien,ando,en,1,1,1.0
ando,en,Turquía,1,2,0.5
en,Turquía,</s>,1,1,1.0
Turquía,</s>,<s>,1,1,1.0
llegue,a,Berlín,1,3,0.3333333333333333
a,Berlín,</s>,1,1,1.0
Berlín,</s>,<s>,1,1,1.0
<s>,Jajaja,así,1,4,0.25
Jajaja,así,le,1,1,1.0
así,le,hace,1,1,1.0
le,hace,la,1,1,1.0
hace,la,mamá,1,2,0.5
la,mamá,</s>,1,1,1.0
</s>,<s>,Seeeeh,1,487,0.002053388090349076
<s>,Seeeeh,🤨😅,1,1,1.0
Seeeeh,🤨😅,</s>,1,1,1.0
🤨😅,</s>,<s>,1,1,1.0
<s>,Uff,que,1,2,0.5
Uff,que,bien,1,1,1.0
que,bien,ma,1,4,0.25
bien,ma,Me,1,4,0.25
ma,Me,da,1,1,1.0
Me,da,gusto,1,1,1.0
da,gusto,Como,1,1,1.0
gusto,Como,estuvo,1,1,1.0
Como,estuvo,el,1,1,1.0
estuvo,el,vuelo?,1,2,0.5
el,vuelo?,</s>,1,1,1.0
vuelo?,</s>,<s>,1,1,1.0
Que,bien,ma,1,5,0.2
bien,ma,Ya,1,4,0.25
ma,Ya,están,1,1,1.0
Ya,están,en,1,3,0.3333333333333333
están,en,su,1,2,0.5
en,su,airbnb?,1,7,0.14285714285714285
su,airbnb?,</s>,1,1,1.0
airbnb?,</s>,<s>,1,1,1.0
</s>,<s>,Pudieron,1,487,0.002053388090349076
<s>,Pudieron,comprar,1,1,1.0
Pudieron,comprar,la,1,1,1.0
comprar,la,sim,1,1,1.0
la,sim,card?,1,1,1.0
sim,card?,</s>,1,1,1.0
card?,</s>,<s>,1,1,1.0
<s>,Ok,ma,1,5,0.2
Ok,ma,Descansen,1,1,1.0
ma,Descansen,y,1,1,1.0
Descansen,y,duerman,1,1,1.0
y,duerman,mucho,1,1,1.0
duerman,mucho,Disfruten,1,1,1.0
mucho,Disfruten,mucho,1,1,1.0
Disfruten,mucho,de,1,1,1.0
mucho,de,su,1,1,1.0
de,su,viaje,1,2,0.5
su,viaje,</s>,1,1,1.0
<s>,Uff,Que,1,2,0.5
Uff,Que,"bien,",1,1,1.0
Que,"bien,",se,1,8,0.125
"bien,",se,ve,1,1,1.0
se,ve,que,1,2,0.5
ve,que,la,1,1,1.0
que,la,están,1,4,0.25
la,están,pasando,1,2,0.5
están,pasando,bien,1,1,1.0
pasando,bien,Como,1,1,1.0
bien,Como,están?,1,1,1.0
Como,están?,</s>,1,1,1.0
</s>,<s>,Ohh,1,487,0.002053388090349076
<s>,Ohh,mira,1,1,1.0
Ohh,mira,se,1,1,1.0
mira,se,ve,1,1,1.0
se,ve,chido,1,2,0.5
ve,chido,Como,1,1,1.0
chido,Como,se,1,1,1.0
<s>,Jajaja,que,1,4,0.25
Jajaja,que,bien,1,1,1.0
bien,que,bien,1,3,0.3333333333333333
que,bien,ya,1,4,0.25
bien,ya,me,1,1,1.0
ya,me,contarán,1,1,1.0
me,contarán,que,1,1,1.0
contarán,que,les,1,1,1.0
que,les,paso,1,1,1.0
les,paso,</s>,1,1,1.0
paso,</s>,<s>,1,1,1.0
</s>,<s>,"Fam,",1,487,0.002053388090349076
<s>,"Fam,",el,1,1,1.0
"Fam,",el,miércoles,1,1,1.0
el,miércoles,que,1,1,1.0
miércoles,que,"lleguen,",1,1,1.0
que,"lleguen,",nos,1,1,1.0
"lleguen,",nos,podemos,1,1,1.0
nos,podemos,quedar,1,1,1.0
podemos,quedar,Vanni,1,1,1.0
quedar,Vanni,y,1,1,1.0
Vanni,y,yo,1,1,1.0
y,yo,en,1,2,0.5
yo,en,su,1,1,1.0
en,su,Airbnb?,1,7,0.14285714285714285
su,Airbnb?,</s>,1,1,1.0
Airbnb?,</s>,<s>,1,1,1.0
<s>,Pero,podemos,1,4,0.25
Pero,podemos,dormir,1,1,1.0
podemos,dormir,en,1,1,1.0
dormir,en,"esa,",1,1,1.0
en,"esa,",habría,1,1,1.0
"esa,",habría,problema?,1,1,1.0
habría,problema?,</s>,1,1,1.0
problema?,</s>,<s>,1,1,1.0
</s>,<s>,Vale,1,487,0.002053388090349076
<s>,Vale,gracias,1,1,1.0
Vale,gracias,Ale,1,1,1.0
gracias,Ale,</s>,1,2,0.5
</s>,<s>,Mándenme,1,487,0.002053388090349076
<s>,Mándenme,su,1,1,1.0
Mándenme,su,itinerario,1,1,1.0
su,itinerario,de,1,1,1.0
itinerario,de,vuelo,1,1,1.0
de,vuelo,</s>,1,1,1.0
vuelo,</s>,<s>,1,1,1.0
muchas,gracias,Ale,1,4,0.25
gracias,Ale,Aquí,1,2,0.5
Ale,Aquí,los,1,1,1.0
Aquí,los,esperamos,1,1,1.0
los,esperamos,Muy,1,1,1.0
esperamos,Muy,buenas,1,1,1.0
Muy,buenas,fotos,1,1,1.0
buenas,fotos,</s>,1,1,1.0
fotos,</s>,<s>,1,1,1.0
<s>,Ok,Ale,1,5,0.2
Ok,Ale,sin,1,1,1.0
Ale,sin,problema,1,1,1.0
<s>,Que,tengan,1,16,0.0625
Que,tengan,buen,1,1,1.0
tengan,buen,viaje,1,1,1.0
buen,viaje,</s>,1,1,1.0
<s>,Como,van?,1,6,0.16666666666666666
Como,van?,</s>,1,1,1.0
estoy,en,la,1,7,0.14285714285714285
la,puerta,para,1,2,0.5
puerta,para,ir,1,1,1.0
para,ir,a,1,1,1.0
ir,a,"Estambul,",1,3,0.3333333333333333
a,"Estambul,",</s>,1,1,1.0
"Estambul,",</s>,<s>,1,1,1.0
</s>,<s>,puede,1,487,0.002053388090349076
<s>,puede,que,1,1,1.0
puede,que,pierda,1,1,1.0
que,pierda,el,1,1,1.0
pierda,el,vuelo,1,1,1.0
el,vuelo,a,1,2,0.5
a,Mexico,porque,1,3,0.3333333333333333
Mexico,porque,se,1,1,1.0
porque,se,atraso,1,1,1.0
se,atraso,el,1,1,1.0
atraso,el,vuelo,1,1,1.0
el,vuelo,y,1,2,0.5
vuelo,y,sólo,1,2,0.5
y,sólo,tengo,1,1,1.0
sólo,tengo,1:30,1,1,1.0
tengo,1:30,de,1,1,1.0
1:30,de,espacio,1,1,1.0
de,espacio,entre,1,1,1.0
espacio,entre,un,1,1,1.0
entre,un,vuelo,1,1,1.0
un,vuelo,y,1,1,1.0
vuelo,y,el,1,2,0.5
el,otro,</s>,1,2,0.5
otro,</s>,<s>,1,1,1.0
</s>,<s>,Pues,1,487,0.002053388090349076
<s>,Pues,esperar,1,1,1.0
Pues,esperar,que,1,1,1.0
esperar,que,me,1,2,0.5
que,me,pongan,1,9,0.1111111111111111
me,pongan,en,1,1,1.0
pongan,en,el,1,1,1.0
en,el,siguiente,1,13,0.07692307692307693
el,siguiente,vuelo,1,2,0.5
siguiente,vuelo,a,1,1,1.0
a,Mexico,o,1,3,0.3333333333333333
Mexico,o,ya,1,1,1.0
o,ya,veré,1,1,1.0
ya,veré,qué,1,1,1.0
veré,qué,hacer,1,1,1.0
qué,hacer,</s>,1,1,1.0
hacer,</s>,<s>,1,1,1.0
<s>,Si,ma,1,11,0.09090909090909091
Si,ma,no,1,1,1.0
ma,no,te,1,1,1.0
no,te,preocupes,1,2,0.5
te,preocupes,Gracias,1,1,1.0
preocupes,Gracias,</s>,1,1,1.0
Gracias,</s>,<s>,1,1,1.0
llegue,a,Mexico,1,3,0.3333333333333333
a,Mexico,Tuve,1,3,0.3333333333333333
Mexico,Tuve,que,1,1,1.0
Tuve,que,correrle,1,1,1.0
que,correrle,bien,1,1,1.0
correrle,bien,fuerte,1,1,1.0
bien,fuerte,pa,1,1,1.0
fuerte,pa,llegar,1,1,1.0
pa,llegar,al,1,1,1.0
llegar,al,avión,1,1,1.0
al,avión,quede,1,1,1.0
avión,quede,todo,1,1,1.0
quede,todo,sudado,1,1,1.0
todo,sudado,</s>,1,1,1.0
sudado,</s>,<s>,1,1,1.0
voy,a,casa,1,5,0.2
a,casa,</s>,1,2,0.5
Muy,bien,Ale,1,2,0.5
bien,Ale,Te,1,2,0.5
Ale,Te,ves,1,1,1.0
Te,ves,muy,1,1,1.0
ves,muy,chido,1,1,1.0
muy,chido,</s>,1,1,1.0
</s>,<s>,Mi,1,487,0.002053388090349076
<s>,Mi,ma,1,1,1.0
Mi,ma,está,1,1,1.0
ma,está,fuera,1,1,1.0
está,fuera,</s>,1,1,1.0
fuera,</s>,<s>,1,1,1.0
</s>,<s>,Están,1,487,0.002053388090349076
<s>,Están,buenas,1,1,1.0
Están,buenas,jajaja,1,1,1.0
buenas,jajaja,</s>,1,1,1.0
